Player,totals.Pos,totals.Age,totals.Tm,totals.G,totals.GS,totals.MP,totals.FG,totals.FGA,totals.FG.,totals.3P,totals.3PA,totals.3P.,totals.2P,totals.2PA,totals.2P.,totals.FT,totals.FTA,totals.FT.,totals.ORB,totals.DRB,totals.TRB,totals.AST,totals.STL,totals.BLK,totals.TOV,totals.PF,totals.PTS,advanced.PER,advanced.TS.,advanced.eFG.,advanced.FTr,advanced.3PAr,advanced.ORB.,advanced.DRB.,advanced.TRB.,advanced.AST.,advanced.STL.,advanced.BLK.,advanced.TOV.,advanced.USG.,advanced.ORtg,advanced.DRtg,advanced.OWS,advanced.DWS,advanced.WS,advanced.WS48,Pts.Won,Salary
Adrian Dantley,SF,29,UTA,76,75,2744,818,1453,0.563,1,11,0.091,817,1442,0.567,630,796,0.791,178,217,395,264,64,4,231,206,2267,24.6,0.629,0.563,0.548,0.008,7.2,8.5,7.8,16.7,1.1,0.1,11.4,30,121,109,10.4,2.3,12.8,0.223,0.000986193,0.007530766
Alex English,SF,32,DEN,81,81,3024,951,1888,0.504,1,5,0.2,950,1883,0.505,511,593,0.862,192,213,405,320,73,29,249,235,2414,21.7,0.562,0.504,0.314,0.003,6.3,7.7,7,17,1.1,0.5,10.4,30.5,113,110,7.6,2.3,9.8,0.156,0.027120316,0.007530766
Alvin Robertson,SG,23,SAS,82,82,2878,562,1093,0.514,8,29,0.276,554,1064,0.521,260,327,0.795,184,332,516,448,301,40,256,296,1392,19.5,0.563,0.518,0.299,0.027,7.5,12.8,10.2,21.8,4.8,0.8,17.1,20.9,109,103,4,4.6,8.6,0.143,0.00147929,0.002133717
Buck Williams,PF,25,NJN,82,82,3070,500,956,0.523,0,2,0,500,954,0.524,301,445,0.676,329,657,986,131,73,96,244,294,1301,15.1,0.565,0.523,0.465,0.002,12,24.1,18,5.8,1.1,1.8,17.5,18.1,107,105,2.8,4,6.8,0.106,0.000986193,0.008352304
Charles Barkley,PF,22,PHI,80,80,2952,595,1041,0.572,17,75,0.227,578,966,0.598,396,578,0.685,354,672,1026,312,173,125,350,333,1603,22.4,0.619,0.58,0.555,0.072,13.4,25.4,19.4,16,2.8,2.4,21.3,22.4,111,100,5.4,5.5,10.8,0.176,0.065581854,0.003993588
Dennis Johnson,PG,31,BOS,78,78,2732,482,1060,0.455,6,42,0.143,476,1018,0.468,243,297,0.818,69,199,268,456,110,35,173,206,1213,14.7,0.509,0.458,0.28,0.04,3,7.5,5.4,22,1.9,0.7,12.7,20.5,107,104,3,3.7,6.7,0.118,0.000493097,0.007142818
Dominique Wilkins,SF,26,ATL,78,78,3049,888,1897,0.468,13,70,0.186,875,1827,0.479,577,705,0.818,261,357,618,206,138,49,251,170,2366,23.3,0.536,0.472,0.372,0.037,9.5,12.9,11.2,11.7,2.2,0.9,10.2,32.9,111,105,7,3.9,10.8,0.17,0.200690335,0.005339998
Hakeem Olajuwon,C,23,HOU,68,68,2467,625,1188,0.526,0,0,0,625,1188,0.526,347,538,0.645,333,448,781,137,134,231,195,271,1597,24.2,0.56,0.526,0.453,0,14.4,19.8,17.1,8,2.5,5.2,12,25.6,113,102,5.3,4.2,9.5,0.186,0.095167653,0.008055638
Isiah Thomas,PG,24,DET,77,77,2790,609,1248,0.488,26,84,0.31,583,1164,0.501,365,462,0.79,83,194,277,830,171,20,289,245,1609,21.2,0.554,0.498,0.37,0.067,3.1,7.6,5.3,40.7,2.8,0.4,16.6,24.4,113,108,6.1,2.7,8.8,0.151,0.013806706,0.006846151
James Worthy,SF,24,LAL,75,73,2454,629,1086,0.579,0,13,0,629,1073,0.586,242,314,0.771,136,251,387,201,82,77,149,195,1500,20.4,0.613,0.579,0.289,0.012,6.6,11.1,9,11.5,1.6,1.7,10.9,22.6,120,107,6.7,2.7,9.5,0.185,0.003451677,0.000502051
Kareem Abdul-Jabbar,C,38,LAL,79,79,2629,755,1338,0.564,0,2,0,755,1336,0.565,336,439,0.765,133,345,478,280,67,130,203,248,1846,22.7,0.603,0.564,0.328,0.001,6,14.2,10.3,15.7,1.2,2.7,11.7,26.6,118,106,7.6,3.2,10.8,0.197,0.066568047,0.01853025
Kevin McHale,PF,28,BOS,68,62,2397,561,978,0.574,0,0,0,561,978,0.574,326,420,0.776,171,380,551,181,29,134,149,192,1448,21.6,0.623,0.574,0.429,0,8.4,16.4,12.7,10.8,0.6,3.1,11.4,22.5,122,103,7.2,3.8,11,0.22,0.00147929,0.009128202
Larry Bird,SF,29,BOS,82,81,3113,796,1606,0.496,82,194,0.423,714,1412,0.506,441,492,0.896,190,615,805,557,166,51,266,182,2115,25.6,0.58,0.521,0.306,0.121,7.2,20.4,14.2,26.3,2.5,0.9,12.7,27.6,117,99,9.6,6.2,15.8,0.244,0.377218935,0.01643076
Magic Johnson,PG,26,LAL,72,70,2578,483,918,0.526,10,43,0.233,473,875,0.541,378,434,0.871,85,341,426,907,113,16,273,133,1354,24,0.61,0.532,0.473,0.047,3.9,14.3,9.4,45.1,2,0.3,19.8,21.6,122,106,9,3.1,12.1,0.226,0.101084813,0.0228205
Moses Malone,C,30,PHI,74,74,2706,571,1246,0.458,0,1,0,571,1245,0.459,617,784,0.787,339,533,872,90,67,71,261,194,1759,20.6,0.553,0.458,0.629,0.001,14,22,18,5.1,1.2,1.5,14.1,27.6,111,106,5.5,3.4,8.9,0.157,0.01035503,0.01957999
Paul Pressey,SF,27,MIL,80,80,2704,411,843,0.488,8,44,0.182,403,799,0.504,316,392,0.806,127,272,399,623,168,71,240,247,1146,18.6,0.564,0.492,0.465,0.052,5.3,11.1,8.2,30.4,2.9,1.5,19.1,18.6,114,101,5.1,4.7,9.8,0.174,0.00147929,0.002209025
Sidney Moncrief,PG,28,MIL,73,72,2567,470,962,0.489,33,103,0.32,437,859,0.509,498,580,0.859,115,219,334,357,103,18,174,178,1471,20,0.604,0.506,0.603,0.107,5,9.4,7.3,19.2,1.9,0.4,12.5,21.8,123,105,8.3,3.4,11.7,0.219,0.027613412,0.00806933
Terry Cummings,PF,24,MIL,82,82,2669,681,1438,0.474,0,2,0,681,1436,0.474,265,404,0.656,222,472,694,193,121,51,191,283,1627,18.2,0.503,0.474,0.281,0.001,9.4,19.5,14.5,11.1,2.1,1.1,10.6,27.2,105,101,2.5,4.9,7.4,0.133,0.00443787,0.005778152
Adrian Dantley,SF,31,DET,69,50,2144,444,863,0.514,0,2,0,444,861,0.516,492,572,0.86,84,143,227,171,39,10,135,144,1380,19.9,0.619,0.514,0.663,0.002,4.5,7.3,5.9,11.9,0.9,0.3,10.8,24.2,124,109,7.5,1.9,9.4,0.21,0.000480769,0.006827709
Alex English,SF,34,DEN,80,80,2818,843,1704,0.495,0,6,0,843,1698,0.496,314,379,0.828,166,207,373,377,70,23,181,193,2000,19.8,0.535,0.495,0.222,0.004,6,8,7,20.5,1.1,0.5,8.8,28.4,111,110,5.3,2.2,7.6,0.129,0.001923077,0.01078059
Buck Williams,PF,27,NJN,70,70,2637,466,832,0.56,1,1,1,465,831,0.56,346,518,0.668,298,536,834,109,68,44,189,266,1279,18.2,0.603,0.561,0.623,0.001,12.6,24.4,18.3,6.5,1.3,1,15.1,20,115,108,4.8,2.8,7.6,0.138,0.000480769,0.009450987
Charles Barkley,PF,24,PHI,80,80,3170,753,1283,0.587,44,157,0.28,709,1126,0.63,714,951,0.751,385,566,951,254,100,103,304,278,2264,27.6,0.665,0.604,0.741,0.122,14,20.8,17.4,14.1,1.6,1.9,15.2,26.7,126,108,13.4,3.3,16.7,0.253,0.052403846,0.005911359
Clyde Drexler,SG,25,POR,81,80,3060,849,1679,0.506,11,52,0.212,838,1627,0.515,476,587,0.811,261,272,533,467,203,52,236,250,2185,24.1,0.564,0.509,0.35,0.031,9.2,9.6,9.4,23.5,3.1,1,10.9,28,118,106,9.3,3.9,13.2,0.207,0.041346154,0.002515472
Dominique Wilkins,SF,28,ATL,78,76,2948,909,1957,0.464,38,129,0.295,871,1828,0.476,541,655,0.826,211,291,502,224,103,47,218,162,2397,23.7,0.534,0.474,0.335,0.066,7.9,11,9.5,13.5,1.7,1,8.9,35.2,111,109,7,2.8,9.8,0.16,0.026442308,0.01049311
Fat Lever,SG,27,DEN,82,82,3061,643,1360,0.473,12,57,0.211,631,1303,0.484,248,316,0.785,203,462,665,639,223,21,182,214,1546,20.5,0.516,0.477,0.232,0.042,6.7,16.5,11.4,28.1,3.3,0.4,10.8,21.4,113,103,5.5,4.9,10.4,0.163,0.0125,0.003288081
Hakeem Olajuwon,C,25,HOU,79,79,2825,712,1385,0.514,0,4,0,712,1381,0.516,381,548,0.695,302,657,959,163,162,214,243,324,1805,23.4,0.555,0.514,0.396,0.003,11.2,24.1,17.7,9.2,2.7,4.2,13,26.5,109,98,4.4,6.3,10.7,0.182,0.019230769,0.0104404
Isiah Thomas,PG,26,DET,81,81,2927,621,1341,0.463,30,97,0.309,591,1244,0.475,305,394,0.774,64,214,278,678,141,17,273,217,1577,18.2,0.521,0.474,0.294,0.072,2.5,8,5.3,35,2.4,0.3,15.3,25.4,108,106,3.8,3.7,7.6,0.124,0.001442308,0.005390297
John Stockton,PG,25,UTA,82,79,2842,454,791,0.574,24,67,0.358,430,724,0.594,272,324,0.84,54,183,237,1128,242,16,262,247,1204,23.2,0.645,0.589,0.41,0.085,2.1,6.6,4.5,54.8,4,0.3,21.9,17.2,125,102,9.2,4.9,14.1,0.238,0.007211538,0.001998003
Karl Malone,PF,24,UTA,82,82,3198,858,1650,0.52,0,5,0,858,1645,0.522,552,789,0.7,277,709,986,199,117,50,325,296,2268,20.7,0.568,0.52,0.478,0.003,9.7,22.8,16.6,10.1,1.7,0.9,14,29.7,107,101,4,6.1,10.1,0.152,0.017307692,0.006001197
Larry Bird,SF,31,BOS,76,75,2965,881,1672,0.527,98,237,0.414,783,1435,0.546,415,453,0.916,108,595,703,467,125,57,213,157,2275,27.8,0.608,0.556,0.271,0.142,4.6,22.3,14,25.7,2.1,1.1,10.2,30.2,121,106,11.2,3.8,15,0.243,0.253365385,0.01293671
Magic Johnson,PG,28,LAL,72,70,2637,490,996,0.492,11,56,0.196,479,940,0.51,417,489,0.853,88,361,449,858,114,13,269,147,1408,23.1,0.581,0.497,0.491,0.056,4,14.8,9.7,45.4,2.1,0.3,18.2,23.4,118,107,7.8,3.1,10.9,0.199,0.244230769,0.01796766
Mark Aguirre,SF,28,DAL,77,77,2610,746,1571,0.475,52,172,0.302,694,1399,0.496,388,504,0.77,182,252,434,278,70,57,203,223,1932,21.9,0.539,0.491,0.321,0.109,7.7,10.3,9,18.4,1.3,1.3,10.2,31.6,113,109,6.5,2.3,8.8,0.163,0.000480769,0.005143781
Mark Jackson,PG,22,NYK,82,80,3249,438,1013,0.432,32,126,0.254,406,887,0.458,206,266,0.774,120,276,396,868,205,6,258,244,1114,15.7,0.493,0.448,0.263,0.124,4.1,10,7,37.4,3.1,0.1,18.6,17.3,109,106,3.5,4.2,7.6,0.113,0.000961538,0.000827231
Michael Adams,PG,25,DEN,82,75,2778,416,927,0.449,139,379,0.367,277,548,0.505,166,199,0.834,40,183,223,503,168,16,144,138,1137,15.6,0.56,0.524,0.215,0.409,1.5,7.2,4.2,22.5,2.8,0.3,12.4,16.2,115,107,4.4,3.2,7.5,0.13,0.000480769,0.00114993
Michael Jordan,SG,24,CHI,82,82,3311,1069,1998,0.535,7,53,0.132,1062,1945,0.546,723,860,0.841,139,310,449,485,259,131,252,270,2868,31.7,0.603,0.537,0.43,0.027,4.8,10.7,7.8,27,3.9,2.4,9.6,34.1,123,101,15.2,6.1,21.2,0.308,0.319711538,0.006073068
Brad Daugherty,C,23,CLE,78,78,2821,544,1012,0.538,1,3,0.333,543,1009,0.538,386,524,0.737,167,551,718,285,63,40,230,175,1475,18.5,0.594,0.538,0.518,0.003,7.1,20.9,14.4,14.8,1.1,0.8,15.6,22.2,113,103,5,4.6,9.6,0.164,0.001810037,0.00582625
Charles Barkley,PF,25,PHI,79,79,3088,700,1208,0.579,35,162,0.216,665,1046,0.636,602,799,0.753,403,583,986,325,126,67,254,262,2037,27,0.653,0.594,0.661,0.134,14.5,21.3,17.9,16,2,1.3,14,24.4,127,108,13.2,2.9,16.1,0.25,0.042671614,0.0090624
Chris Mullin,SF,25,GSW,82,82,3093,830,1630,0.509,23,100,0.23,807,1530,0.527,493,553,0.892,152,331,483,415,176,39,296,178,2176,21.9,0.581,0.516,0.339,0.061,4.9,10.7,7.8,20.1,2.5,0.7,13.6,26.6,115,108,7.5,3.1,10.6,0.165,0.001357527,0.00413
Hakeem Olajuwon,C,26,HOU,82,82,3024,790,1556,0.508,0,10,0,790,1546,0.511,454,652,0.696,338,767,1105,149,213,282,275,329,2034,25.2,0.552,0.508,0.419,0.006,12.2,27.2,19.8,8.2,3.3,5.5,13,28.2,108,95,4.6,7.8,12.4,0.197,0.081134893,0.00989823
Isiah Thomas,PG,27,DET,80,76,2924,569,1227,0.464,33,121,0.273,536,1106,0.485,287,351,0.818,49,224,273,663,133,20,298,209,1458,17.1,0.528,0.477,0.286,0.099,2,8.3,5.3,34.3,2.3,0.4,17.7,24.6,106,105,3.1,3.9,7,0.115,0.000452509,0.00649
Joe Dumars,SG,25,DET,69,67,2408,456,903,0.505,14,29,0.483,442,874,0.506,260,306,0.85,57,115,172,390,63,5,178,103,1186,16.8,0.571,0.513,0.339,0.032,2.8,5.2,4,24.3,1.3,0.1,14.6,21.6,114,109,4.8,2.2,7,0.14,0.000452509,0.00236
John Stockton,PG,26,UTA,82,82,3171,497,923,0.538,16,66,0.242,481,857,0.561,390,452,0.863,83,165,248,1118,263,14,308,241,1400,22.9,0.624,0.547,0.49,0.072,3.1,5.4,4.3,54.3,4.1,0.3,21.5,19.1,122,101,9.8,5.8,15.6,0.236,0.012670257,0.00177
Karl Malone,PF,25,UTA,80,80,3126,809,1559,0.519,5,16,0.313,804,1543,0.521,703,918,0.766,259,594,853,219,144,70,285,286,2326,24.4,0.592,0.521,0.589,0.01,10,19.6,15.1,12.8,2.3,1.3,12.7,30.4,115,99,8.6,6.6,15.2,0.233,0.163808317,0.007965
Kevin Johnson,PG,22,PHO,81,81,3179,570,1128,0.505,2,22,0.091,568,1106,0.514,508,576,0.882,46,294,340,991,135,24,322,226,1650,20.5,0.597,0.506,0.511,0.02,1.6,9.4,5.7,40.4,2,0.4,18.9,21.2,118,107,8.6,3.5,12.2,0.184,0.009955202,0.0031388
Larry Nance,PF,29,CLE,73,72,2526,496,920,0.539,0,4,0,496,916,0.541,267,334,0.799,156,425,581,159,57,206,117,186,1259,19.9,0.59,0.539,0.363,0.004,7.4,18,13,9.2,1.1,4.7,9.9,19.9,119,101,5.7,4.7,10.3,0.197,0.001357527,0.00472
Magic Johnson,PG,29,LAL,77,77,2886,579,1137,0.509,59,188,0.314,520,949,0.548,513,563,0.911,111,496,607,988,138,22,312,172,1730,26.9,0.625,0.535,0.495,0.165,4.6,18,11.7,48.6,2.3,0.4,18.4,24.3,125,105,12.1,4,16.1,0.267,0.300692339,0.01854287
Mark Eaton,C,32,UTA,82,82,2914,188,407,0.462,0,0,0,188,407,0.462,132,200,0.66,227,616,843,83,40,315,142,290,508,10.6,0.513,0.462,0.491,0,9.4,21.8,16.1,3.8,0.7,6.5,22.3,9.2,99,98,0,6.5,6.6,0.108,0.001357527,0.0039825
Mark Price,PG,24,CLE,75,74,2728,529,1006,0.526,93,211,0.441,436,795,0.548,263,292,0.901,48,178,226,631,115,7,212,98,1414,20.6,0.623,0.572,0.29,0.21,2.1,7,4.7,33.8,2.1,0.1,15.7,21,121,106,8,3.3,11.3,0.199,0.008145165,0.00708
Michael Jordan,SG,25,CHI,81,81,3255,966,1795,0.538,27,98,0.276,939,1697,0.553,674,793,0.85,149,503,652,650,234,65,290,247,2633,31.1,0.614,0.546,0.442,0.055,5.5,17.3,11.6,34.7,3.6,1.2,11.9,32.1,123,103,14.6,5.2,19.8,0.292,0.270962487,0.0118
Moses Malone,C,33,ATL,81,80,2878,538,1096,0.491,0,12,0,538,1084,0.496,561,711,0.789,386,570,956,112,79,100,245,154,1637,21.2,0.581,0.491,0.649,0.011,14.4,21.9,18.1,5.8,1.3,2.1,14.8,23.4,116,105,6.8,3.9,10.7,0.178,0.001357527,0.00885
Patrick Ewing,C,26,NYK,80,80,2896,727,1282,0.567,0,6,0,727,1276,0.57,361,484,0.746,213,527,740,188,117,281,266,311,1815,22.1,0.607,0.567,0.378,0.005,8,20.7,14.2,9.5,1.9,5.6,15.1,23.6,115,103,6.2,4.7,10.9,0.181,0.090501833,0.019175
Robert Parish,C,35,BOS,80,80,2840,596,1045,0.57,0,0,0,596,1045,0.57,294,409,0.719,342,654,996,175,79,116,200,209,1486,21.6,0.607,0.57,0.391,0,14,26.1,20.1,9.1,1.4,2.4,14,20.9,118,106,6.9,3.6,10.5,0.177,0.001810037,0.01202616
Terry Cummings,SF,27,MIL,80,78,2824,730,1563,0.467,7,15,0.467,723,1548,0.467,362,460,0.787,281,369,650,198,106,72,201,265,1829,19.7,0.518,0.469,0.294,0.01,11.3,15.3,13.3,11.7,1.8,1.6,10.2,28.9,108,106,4.2,3.5,7.7,0.131,0.000452509,0.00826
Tom Chambers,PF,29,PHO,81,81,3002,774,1643,0.471,28,86,0.326,746,1557,0.479,509,598,0.851,143,541,684,231,87,55,231,271,2085,19.3,0.547,0.48,0.364,0.052,5.3,18.4,12.1,11.1,1.3,1,10.8,28.2,110,105,5.1,4.1,9.2,0.146,0.009050183,0.01062
Bernard King,SF,34,WSB,64,64,2401,713,1511,0.472,8,37,0.216,705,1474,0.478,383,485,0.79,114,205,319,292,56,16,255,187,1817,19.1,0.527,0.475,0.321,0.024,5.2,9.4,7.3,21.8,1.1,0.4,12.9,34.4,103,111,1.9,1.6,3.5,0.07,0.000400641,0.005240627
Charles Barkley,PF,27,PHI,67,67,2498,665,1167,0.57,44,155,0.284,621,1012,0.614,475,658,0.722,258,422,680,284,110,33,210,173,1849,28.9,0.635,0.589,0.564,0.133,11.8,18.6,15.3,20.6,2.2,0.8,12.6,29.1,123,106,10.3,3.1,13.4,0.258,0.000400641,0.009498636
Clyde Drexler,SG,28,POR,82,82,2852,645,1338,0.482,61,191,0.319,584,1147,0.509,416,524,0.794,212,334,546,493,144,60,232,226,1767,22.1,0.563,0.505,0.392,0.143,8.3,12.8,10.6,25.7,2.4,1.3,12.9,25.7,117,103,8,4.5,12.4,0.209,0.001602564,0.003864962
David Robinson,C,25,SAS,82,81,3095,754,1366,0.552,1,7,0.143,753,1359,0.554,592,777,0.762,335,728,1063,208,127,320,270,264,2101,27.4,0.615,0.552,0.569,0.005,12.6,24.7,19,10.9,2,6.2,13.7,26.6,119,96,9.4,7.6,17,0.264,0.002003205,0.007418762
Dominique Wilkins,SF,31,ATL,81,81,3078,770,1640,0.47,85,249,0.341,685,1391,0.492,476,574,0.829,261,471,732,265,123,65,201,156,2101,23.5,0.555,0.495,0.35,0.152,9,17.3,13,14.4,1.9,1.3,9.6,28.1,116,109,8.6,2.8,11.4,0.177,0.002804487,0.006763684
Hakeem Olajuwon,C,28,HOU,56,50,2062,487,959,0.508,0,4,0,487,955,0.51,213,277,0.769,219,551,770,131,121,221,174,221,1187,24.3,0.549,0.508,0.289,0.004,11.4,28.3,19.9,10.2,2.9,6.4,13.9,25,109,93,2.9,5.7,8.6,0.201,0.003205128,0.01039937
Isiah Thomas,PG,29,DET,48,46,1657,289,665,0.435,19,65,0.292,270,600,0.45,179,229,0.782,35,125,160,446,75,10,185,118,776,17.4,0.507,0.449,0.344,0.098,2.4,8.7,5.5,42.6,2.4,0.4,19.5,25.2,103,105,1.1,2.3,3.4,0.098,0.00400641,0.008909065
Joe Dumars,SG,27,DET,80,80,3046,622,1292,0.481,14,45,0.311,608,1247,0.488,371,417,0.89,62,125,187,443,89,7,189,135,1629,18,0.552,0.487,0.323,0.035,2.3,4.7,3.5,24.2,1.5,0.1,11.4,24,115,108,6.8,3.1,9.9,0.155,0.004407051,0.00339003
John Stockton,PG,28,UTA,82,82,3103,496,978,0.507,58,168,0.345,438,810,0.541,363,434,0.836,46,191,237,1164,234,16,298,233,1413,23.4,0.604,0.537,0.444,0.172,1.9,6.8,4.5,57.5,3.8,0.3,20.3,20.9,120,104,9.4,4.7,14,0.217,0.006009615,0.006550783
Karl Malone,PF,27,UTA,82,82,3302,847,1608,0.527,4,14,0.286,843,1594,0.529,684,888,0.77,236,731,967,270,89,79,244,268,2382,24.8,0.596,0.528,0.552,0.009,9,24.5,17.2,14.7,1.4,1.5,10.9,30.1,117,102,9.9,5.6,15.5,0.225,0.008012821,0.007402385
Kenny Smith,PG,25,HOU,78,78,2699,522,1003,0.52,49,135,0.363,473,868,0.545,287,340,0.844,36,127,163,554,106,11,237,131,1380,18.3,0.599,0.545,0.339,0.135,1.4,5,3.2,30.9,1.9,0.2,17.1,21.2,117,108,6.2,2.8,9,0.161,0.010016026,0.002292774
Kevin Johnson,PG,24,PHO,77,76,2772,591,1145,0.516,9,44,0.205,582,1101,0.529,519,616,0.843,54,217,271,781,163,11,269,174,1710,23.7,0.604,0.52,0.538,0.038,2.2,8.1,5.3,40.7,2.8,0.2,16,24.8,121,107,9.5,3.3,12.7,0.22,0.010016026,0.005731935
Kevin McHale,PF,33,BOS,68,10,2067,504,912,0.553,15,37,0.405,489,875,0.559,228,275,0.829,145,335,480,126,25,146,140,194,1251,21.2,0.606,0.561,0.302,0.041,8.4,16.5,12.8,8.8,0.6,4,11.9,23.9,118,106,5.3,2.6,7.9,0.182,0.01161859,0.004585548
Larry Bird,SF,34,BOS,60,60,2277,462,1017,0.454,77,198,0.389,385,819,0.47,163,183,0.891,53,456,509,431,108,58,187,118,1164,19.7,0.53,0.492,0.18,0.195,2.8,20.4,12.3,25.9,2.3,1.5,14.6,23.7,109,103,3,3.6,6.6,0.14,0.012820513,0.004913087
Magic Johnson,PG,31,LAL,79,79,2933,466,976,0.477,80,250,0.32,386,726,0.532,519,573,0.906,105,446,551,989,102,17,314,150,1531,25.1,0.623,0.518,0.587,0.256,4.3,16.9,10.9,49.3,1.8,0.3,20.4,22.9,124,105,11.2,4.2,15.4,0.251,0.030048077,0.00786094
Michael Jordan,SG,27,CHI,82,82,3034,990,1837,0.539,29,93,0.312,961,1744,0.551,571,671,0.851,118,374,492,453,223,83,202,229,2580,31.6,0.605,0.547,0.365,0.051,4.6,14.3,9.5,25.2,3.7,1.7,8.7,32.9,125,102,14.9,5.4,20.3,0.321,0.056891026,0.008188479
Patrick Ewing,C,28,NYK,81,81,3104,845,1645,0.514,0,6,0,845,1639,0.516,464,623,0.745,194,711,905,244,80,258,291,287,2154,23.7,0.561,0.514,0.379,0.004,7.4,25.7,16.8,14.1,1.3,5,13.2,31.1,107,101,4.4,5.6,10,0.155,0.088942308,0.01392041
Robert Parish,C,37,BOS,81,81,2441,485,811,0.598,0,1,0,485,810,0.599,237,309,0.767,271,585,856,66,66,103,153,197,1207,20.6,0.637,0.598,0.381,0.001,13.4,24.4,19.3,3.7,1.3,2.4,13.9,19,122,103,6.1,3.9,10,0.198,0.190705128,0.008188479
Terry Porter,PG,27,POR,81,81,2665,486,944,0.515,130,313,0.415,356,631,0.564,279,339,0.823,52,230,282,649,158,12,189,151,1381,21.7,0.632,0.584,0.359,0.332,2.2,9.4,5.9,34,2.8,0.3,14.7,19.6,127,104,9.2,3.9,13,0.235,0.19911859,0.006550783
Tim Hardaway,PG,24,GSW,82,82,3215,739,1551,0.476,97,252,0.385,642,1299,0.494,306,381,0.803,87,245,332,793,214,12,270,228,1881,20.9,0.547,0.508,0.246,0.162,3,8.4,5.7,36.8,3.1,0.2,13.6,24.7,114,110,7.4,2.5,9.9,0.148,0.356971154,0.001637696
Brad Daugherty,C,26,CLE,73,73,2643,576,1010,0.57,0,2,0,576,1008,0.571,414,533,0.777,191,569,760,262,65,78,185,190,1566,23,0.629,0.57,0.528,0.002,8.4,23.1,16,15.3,1.2,1.7,12.9,23.6,122,106,8.2,3.5,11.7,0.213,0.009619238,0.00607443
Charles Barkley,PF,28,PHI,75,75,2881,622,1126,0.552,32,137,0.234,590,989,0.597,454,653,0.695,271,559,830,308,136,44,235,196,1730,24.5,0.612,0.567,0.58,0.122,10.9,22,16.5,18.1,2.4,0.9,14.3,25.1,119,106,8.6,3.7,12.3,0.205,0.007214429,0.00865843
Chris Mullin,SF,28,GSW,81,81,3346,830,1584,0.524,64,175,0.366,766,1409,0.544,350,420,0.833,127,323,450,286,173,62,202,171,2074,19.9,0.586,0.544,0.265,0.11,4.2,10.4,7.4,12.2,2.4,1.1,10.2,23.6,118,110,8.1,2.7,10.8,0.155,0.03246493,0.00769518
Clyde Drexler,SG,29,POR,76,76,2751,694,1476,0.47,114,338,0.337,580,1138,0.51,401,505,0.794,166,334,500,512,138,70,240,229,1903,23.6,0.56,0.509,0.342,0.229,6.6,13.2,9.9,29.9,2.4,1.6,12.4,28.7,117,103,8.3,4.5,12.8,0.223,0.224849699,0.003728537
Danny Manning,PF,25,LAC,82,82,2904,650,1199,0.542,0,5,0,650,1194,0.544,279,385,0.725,229,335,564,285,135,122,210,293,1579,19.7,0.577,0.542,0.321,0.004,8.7,12.9,10.8,15.8,2.3,2.6,13.3,23.1,113,104,5.3,4.5,9.8,0.162,0.000400802,0.006223247
David Robinson,C,26,SAS,68,68,2564,592,1074,0.551,1,8,0.125,591,1066,0.554,393,561,0.701,261,568,829,181,158,305,182,219,1578,27.5,0.597,0.552,0.522,0.007,11.2,24,17.7,11.3,3.1,7.4,12.1,24.7,118,94,7,6.9,13.9,0.26,0.13507014,0.006060901
Dennis Rodman,PF,30,DET,82,80,3301,342,635,0.539,32,101,0.317,310,534,0.581,84,140,0.6,523,1007,1530,191,68,70,140,248,800,17,0.574,0.564,0.22,0.159,18.1,34.1,26.2,8.2,1.1,1.3,16.7,11.1,121,99,5.6,7,12.6,0.183,0.010420842,0.002908691
Detlef Schrempf,PF,29,IND,80,4,2605,496,925,0.536,23,71,0.324,473,854,0.554,365,441,0.828,202,568,770,312,62,37,191,286,1380,19.5,0.617,0.549,0.477,0.077,9.1,22.9,16.4,17.5,1.2,0.8,14.6,21.1,121,108,7.1,2.8,9.8,0.181,0.000400802,0.003457961
John Stockton,PG,29,UTA,82,82,3002,453,939,0.482,83,204,0.407,370,735,0.503,308,366,0.842,68,202,270,1126,244,22,286,234,1297,22.8,0.59,0.527,0.39,0.217,2.7,7.3,5.1,53.7,4.1,0.4,20.6,19.9,120,104,8.8,4.6,13.4,0.215,0.007214429,0.005682095
Karl Malone,PF,28,UTA,81,81,3054,798,1516,0.526,3,17,0.176,795,1499,0.53,673,865,0.778,225,684,909,241,108,51,248,226,2272,25.4,0.599,0.527,0.571,0.011,8.7,24.1,16.8,13.4,1.8,1,11.6,30.3,118,103,9.9,5.2,15.1,0.237,0.10501002,0.006915921
Kevin Johnson,PG,25,PHO,78,78,2899,539,1125,0.479,10,46,0.217,529,1079,0.49,448,555,0.807,61,231,292,836,116,23,272,180,1536,19.9,0.561,0.484,0.493,0.041,2.4,8.4,5.5,40.6,1.9,0.5,16.6,23.6,115,108,7,2.9,10,0.165,0.000801603,0.005276231
Larry Bird,SF,35,BOS,45,45,1662,353,758,0.466,52,128,0.406,301,630,0.478,150,162,0.926,46,388,434,306,42,33,125,82,908,21,0.547,0.5,0.214,0.169,3.2,24.6,14.4,26.9,1.3,1.2,13.1,24.7,112,104,3,2.5,5.5,0.159,0.000801603,0.01912972
Mark Price,PG,27,CLE,72,72,2138,438,897,0.488,101,261,0.387,337,636,0.53,270,285,0.947,38,135,173,535,94,12,159,113,1247,22.7,0.61,0.545,0.318,0.291,2.1,6.8,4.5,37.9,2.2,0.3,13.5,24.1,123,110,7.5,1.6,9.1,0.205,0.026452906,0.004112754
Michael Jordan,SG,28,CHI,80,80,3102,943,1818,0.519,27,100,0.27,916,1718,0.533,491,590,0.832,91,420,511,489,182,75,200,201,2404,27.7,0.579,0.526,0.325,0.055,3.5,15.3,9.5,25.7,3,1.5,8.8,31.7,121,102,12.1,5.6,17.7,0.274,0.360721443,0.008793718
Patrick Ewing,C,29,NYK,82,82,3150,796,1525,0.522,1,6,0.167,795,1519,0.523,377,511,0.738,228,693,921,156,88,245,209,277,1970,22.8,0.563,0.522,0.335,0.004,8.4,24.9,16.8,8.5,1.4,5,10.7,27.2,112,98,6.1,6.9,13,0.198,0.04008016,0.008493379
Scottie Pippen,SF,26,CHI,82,82,3164,687,1359,0.506,16,80,0.2,671,1279,0.525,330,434,0.76,185,445,630,572,155,93,253,242,1720,21.5,0.555,0.511,0.319,0.059,6.9,15.8,11.5,25.8,2.5,1.8,14,24.6,114,102,7.1,5.5,12.7,0.192,0.012825651,0.007494954
Tim Hardaway,PG,25,GSW,81,81,3332,734,1592,0.461,127,376,0.338,607,1216,0.499,298,389,0.766,81,229,310,807,164,13,267,208,1893,19.1,0.537,0.501,0.244,0.236,2.7,7.4,5.1,33.3,2.3,0.2,13.2,24.4,114,112,7.2,2,9.2,0.132,0.025651303,0.001731686
Brad Daugherty,C,27,CLE,71,71,2691,520,911,0.571,1,2,0.5,519,909,0.571,391,492,0.795,164,562,726,312,53,56,150,174,1432,22,0.635,0.571,0.54,0.002,7.3,22.9,15.5,17.3,1,1.3,11.7,21.1,125,105,8.8,3.9,12.7,0.226,0.000392465,0.006804796
Charles Barkley,PF,29,PHO,76,76,2859,716,1376,0.52,67,220,0.305,649,1156,0.561,445,582,0.765,237,691,928,385,119,74,233,196,1944,25.9,0.596,0.545,0.423,0.16,9.5,26.3,18.1,21.2,2,1.6,12.5,26.9,120,103,9.6,4.8,14.4,0.242,0.327708006,0.005633803
Clyde Drexler,SF,30,POR,49,49,1671,350,816,0.429,31,133,0.233,319,683,0.467,245,292,0.839,126,183,309,278,95,37,115,159,976,20.7,0.517,0.448,0.358,0.163,8,12.4,10.1,26.2,2.8,1.4,10.9,26.1,112,104,3.4,2.5,6,0.171,0.000392465,0.003208008
David Robinson,C,27,SAS,82,82,3211,676,1348,0.501,3,17,0.176,673,1331,0.506,561,766,0.732,229,727,956,301,127,264,241,239,1916,24.2,0.569,0.503,0.568,0.013,8.6,24.8,17.1,15,2,5.1,12.5,26.4,113,100,6.7,6.4,13.2,0.197,0.012951334,0.01331626
Dominique Wilkins,SF,33,ATL,71,70,2647,741,1584,0.468,120,316,0.38,621,1268,0.49,519,627,0.828,187,295,482,227,70,27,184,116,2121,24.3,0.57,0.506,0.396,0.199,7.6,12.9,10.1,14.9,1.3,0.6,9,31.9,119,112,9.1,1.4,10.5,0.191,0.021193093,0.008148062
Hakeem Olajuwon,C,30,HOU,82,82,3242,848,1603,0.529,0,8,0,848,1595,0.532,444,570,0.779,283,785,1068,291,150,342,262,305,2140,27.3,0.577,0.529,0.356,0.005,10.5,25.9,18.7,15.8,2.4,6.5,12.4,28.8,114,96,7.9,8,15.8,0.234,0.253924647,0.007379816
Joe Dumars,SG,29,DET,77,77,3094,677,1454,0.466,112,299,0.375,565,1155,0.489,343,397,0.864,63,85,148,308,78,7,138,141,1809,17.6,0.555,0.504,0.273,0.206,2.2,3.2,2.6,16.4,1.3,0.1,7.8,24.5,118,113,7.8,1.3,9.1,0.141,0.000392465,0.003117216
John Stockton,PG,30,UTA,82,82,2863,437,899,0.486,72,187,0.385,365,712,0.513,293,367,0.798,64,173,237,987,199,21,266,224,1239,21.3,0.584,0.526,0.408,0.208,2.6,6.7,4.7,49.8,3.5,0.5,20.1,19.9,118,107,7.2,3.4,10.6,0.177,0.000392465,0.005121639
Karl Malone,PF,29,UTA,82,82,3099,797,1443,0.552,4,20,0.2,793,1423,0.557,619,836,0.74,227,692,919,308,124,85,240,261,2217,26.2,0.612,0.554,0.579,0.014,8.6,24.6,16.9,16.9,2,1.8,11.7,28.4,120,103,10.4,5,15.4,0.238,0.003924647,0.006644162
Mark Price,PG,28,CLE,75,74,2380,477,986,0.484,122,293,0.416,355,693,0.512,289,305,0.948,37,164,201,602,89,11,196,105,1365,22.1,0.609,0.546,0.309,0.297,1.9,7.6,4.8,38.1,1.9,0.3,14.9,24.5,120,109,7.4,2.3,9.8,0.197,0.003924647,0.00393435
Michael Jordan,SG,29,CHI,78,78,3067,992,2003,0.495,81,230,0.352,911,1773,0.514,476,569,0.837,135,387,522,428,221,61,207,188,2541,29.7,0.564,0.515,0.284,0.115,4.9,15.1,9.8,25.2,3.7,1.3,8.4,34.7,119,102,12,5.2,17.2,0.27,0.221742543,0.009312071
Patrick Ewing,C,30,NYK,81,81,3003,779,1550,0.503,1,7,0.143,778,1543,0.504,400,556,0.719,191,789,980,151,74,161,265,286,1959,20.8,0.546,0.503,0.359,0.005,7.3,28.4,18.2,9.2,1.3,3.6,12.9,29.7,105,94,2.6,8.1,10.6,0.17,0.140894819,0.007682458
Shaquille O'Neal,C,20,ORL,81,81,3071,733,1304,0.562,0,2,0,733,1302,0.563,427,721,0.592,342,780,1122,152,60,286,307,321,1893,22.9,0.584,0.562,0.553,0.002,13.4,27.1,20.6,8.5,1,5.7,15.9,27,108,100,4.5,6,10.4,0.163,0.01177394,0.006984053
Shawn Kemp,PF,23,SEA,78,68,2582,515,1047,0.492,0,4,0,515,1043,0.494,358,503,0.712,287,546,833,155,119,146,217,327,1388,20.4,0.547,0.492,0.48,0.004,12.8,25.1,18.8,8.8,2.3,3.8,14.6,24.2,110,100,4,5.1,9.1,0.169,0.000392465,0.001513212
Charles Barkley,PF,30,PHO,65,65,2298,518,1046,0.495,48,178,0.27,470,868,0.541,318,452,0.704,198,529,727,296,101,37,206,160,1402,22.8,0.563,0.518,0.432,0.17,9.8,25.6,17.8,20,2.2,1,14.2,26.5,113,103,5.6,3.3,8.8,0.185,0.001904037,0.006405203
David Robinson,C,28,SAS,80,80,3241,840,1658,0.507,10,29,0.345,830,1629,0.51,693,925,0.749,241,614,855,381,139,265,253,228,2383,30.7,0.577,0.51,0.558,0.017,8.8,20.3,14.8,21.6,2.3,5.4,10.9,32,119,98,13.3,6.7,20,0.296,0.277989337,0.01131257
Dennis Rodman,PF,32,SAS,79,51,2989,156,292,0.534,5,24,0.208,151,268,0.563,53,102,0.52,453,914,1367,184,52,32,138,229,370,13.4,0.549,0.543,0.349,0.082,17.9,32.8,25.7,8.2,0.9,0.7,29.1,7.1,116,100,3.3,5.4,8.7,0.14,0.000380807,0.004828538
Dominique Wilkins,SF,34,TOT,74,74,2635,698,1588,0.44,85,295,0.288,613,1293,0.474,442,522,0.847,182,299,481,169,92,30,172,126,1923,21.4,0.529,0.466,0.329,0.186,7.5,12.3,9.9,11.3,1.7,0.7,8.6,32,110,106,5.6,2.8,8.4,0.153,0.000380807,0.006897911
Gary Payton,PG,25,SEA,82,82,2881,584,1159,0.504,15,54,0.278,569,1105,0.515,166,279,0.595,105,164,269,494,188,19,173,227,1349,17.8,0.526,0.51,0.241,0.047,4.3,6.8,5.5,26.7,3.3,0.5,11.9,21.6,111,103,5.2,4.1,9.3,0.155,0.007616146,0.004696492
Hakeem Olajuwon,C,31,HOU,80,80,3277,894,1694,0.528,8,19,0.421,886,1675,0.529,388,542,0.716,229,726,955,287,128,297,271,289,2184,25.3,0.565,0.53,0.32,0.011,8.2,23.3,16.2,16.4,2,5.7,12.3,29.8,109,95,6.4,7.9,14.3,0.21,0.3385377,0.006247536
John Stockton,PG,31,UTA,82,82,2969,458,868,0.528,48,149,0.322,410,719,0.57,272,338,0.805,72,186,258,1031,199,22,266,236,1236,22.5,0.608,0.555,0.389,0.172,2.8,7.1,5,53.1,3.5,0.5,20.7,19.1,121,104,9.3,4,13.2,0.214,0.000380807,0.004729996
Karl Malone,PF,30,UTA,82,82,3329,772,1552,0.497,8,32,0.25,764,1520,0.503,511,736,0.694,235,705,940,328,125,126,234,268,2063,22.9,0.55,0.5,0.474,0.021,8.3,24.1,16.3,17.1,1.9,2.6,11.1,28,111,100,7.4,6.1,13.4,0.193,0.006473724,0.006072132
Kevin Johnson,PG,27,PHO,67,67,2449,477,980,0.487,6,27,0.222,471,953,0.494,380,464,0.819,55,112,167,637,125,10,235,127,1340,20.6,0.566,0.49,0.473,0.028,2.6,5.1,3.8,38.5,2.5,0.3,16.6,24.3,116,109,7,1.7,8.7,0.17,0.000380807,0.004532913
Kevin Willis,PF,31,ATL,80,80,2867,627,1257,0.499,9,24,0.375,618,1233,0.501,268,376,0.713,335,628,963,150,79,38,188,250,1531,19.4,0.538,0.502,0.299,0.019,12.8,24.2,18.5,8.7,1.4,0.9,11.7,24.1,110,100,5.1,5.1,10.2,0.17,0.000380807,0.005173433
Latrell Sprewell,SG,23,GSW,82,82,3533,613,1417,0.433,141,391,0.361,472,1026,0.46,353,456,0.774,80,321,401,385,180,76,226,158,1720,15.9,0.532,0.482,0.322,0.276,2.5,9.7,6.1,15.3,2.5,1.3,12.3,21.5,108,107,4.7,3.2,8,0.108,0.000380807,0.001379582
Mark Price,PG,29,CLE,76,73,2386,480,1005,0.478,118,297,0.397,362,708,0.511,238,268,0.888,39,189,228,589,103,11,189,93,1316,22.7,0.586,0.536,0.267,0.296,1.9,9.2,5.6,42,2.3,0.3,14.4,24.6,118,107,7.6,2.4,10,0.201,0.002665651,0.00561687
Mookie Blaylock,PG,26,ATL,81,81,2915,444,1079,0.411,114,341,0.334,330,738,0.447,116,159,0.73,117,307,424,789,212,44,196,144,1118,19.6,0.487,0.464,0.147,0.316,4.4,11.6,8,40.4,3.7,1,14.6,19.8,111,100,4.9,5.3,10.2,0.168,0.000380807,0.003212456
Patrick Ewing,C,31,NYK,79,79,2972,745,1503,0.496,4,14,0.286,741,1489,0.498,445,582,0.765,219,666,885,179,90,217,260,275,1939,22.9,0.551,0.497,0.387,0.009,8.5,24.9,16.9,11.3,1.6,5.1,12.9,29.8,108,93,5.1,8,13.1,0.211,0.097105864,0.007538431
Scottie Pippen,SF,28,CHI,72,72,2759,627,1278,0.491,63,197,0.32,564,1081,0.522,270,409,0.66,173,456,629,403,211,58,232,227,1587,23.2,0.544,0.515,0.32,0.154,7.3,19.4,13.3,24.6,4,1.4,13.7,27.1,109,97,5.2,6,11.2,0.194,0.148514851,0.006060307
Shaquille O'Neal,C,21,ORL,81,81,3224,953,1591,0.599,0,2,0,953,1589,0.6,471,850,0.554,384,688,1072,195,76,231,222,281,2377,28.5,0.605,0.599,0.534,0.001,13.5,23.7,18.7,11,1.2,4.5,10.2,29,120,102,12.1,4.8,16.9,0.252,0.110053313,0.007686244
Shawn Kemp,PF,24,SEA,79,73,2597,533,990,0.538,1,4,0.25,532,986,0.54,364,491,0.741,312,539,851,207,142,166,259,312,1431,22.9,0.593,0.539,0.496,0.004,14.2,24.7,19.4,12.4,2.8,4.6,17.7,24.2,112,96,5.6,6,11.7,0.216,0.006473724,0.001478124
Anfernee Hardaway,PG,23,ORL,77,77,2901,585,1142,0.512,87,249,0.349,498,893,0.558,356,463,0.769,139,197,336,551,130,26,258,158,1613,20.8,0.599,0.55,0.405,0.218,5.7,7.5,6.6,28.5,2.3,0.6,16.1,23.7,119,110,8.2,2.5,10.7,0.177,0.008434177,0.00692718
Cedric Ceballos,SF,25,LAL,58,54,2029,497,977,0.509,58,146,0.397,439,831,0.528,209,292,0.716,169,295,464,105,60,19,143,131,1261,19.9,0.57,0.538,0.299,0.149,9.2,16.1,12.6,8.9,1.5,0.6,11.5,26.5,111,110,3.5,1.7,5.2,0.123,0.000366703,0.002815927
Charles Barkley,PF,31,PHO,68,66,2382,554,1141,0.486,74,219,0.338,480,922,0.521,379,507,0.748,203,553,756,276,110,45,150,201,1561,25.2,0.572,0.518,0.444,0.192,9.8,26.8,18.2,18.9,2.3,1.4,9.9,27.5,119,105,7.4,3.3,10.6,0.214,0.03410341,0.006484677
Clyde Drexler,SG,32,TOT,76,75,2728,571,1238,0.461,147,408,0.36,424,830,0.511,364,442,0.824,152,328,480,362,136,45,186,206,1653,22.4,0.577,0.521,0.357,0.33,6.3,13.7,10,22.1,2.5,1.2,11.5,25.7,119,106,8,3.7,11.7,0.206,0.00110011,0.002539161
David Robinson,C,29,SAS,81,81,3074,788,1487,0.53,6,20,0.3,782,1467,0.533,656,847,0.774,234,643,877,236,134,262,233,230,2238,29.1,0.602,0.532,0.57,0.013,9.1,22.6,16.2,13.7,2.2,5.9,11.1,29.9,120,99,10.7,6.7,17.5,0.273,0.330399707,0.01174644
Dennis Rodman,PF,33,SAS,49,26,1568,137,240,0.571,0,2,0,137,238,0.576,75,111,0.676,274,549,823,97,31,23,98,159,349,16.6,0.604,0.571,0.463,0.008,20.8,37.8,29.7,8.5,1,1,25.3,10.9,120,100,2.6,3.2,5.8,0.178,0.00330033,0.004022753
Gary Payton,PG,26,SEA,82,82,3015,685,1345,0.509,70,232,0.302,615,1113,0.553,249,348,0.716,108,173,281,583,204,13,201,206,1689,21.3,0.564,0.535,0.259,0.172,4.3,6.7,5.5,31.8,3.4,0.3,11.8,24.4,118,107,8.2,3.5,11.7,0.187,0.012467913,0.004156791
Hakeem Olajuwon,C,32,HOU,72,72,2853,798,1545,0.517,3,16,0.188,795,1529,0.52,406,537,0.756,172,603,775,255,133,242,237,250,2005,26,0.563,0.517,0.348,0.01,7.3,23.1,15.6,17.2,2.4,5.9,11.7,31.7,110,100,5.1,5.6,10.7,0.181,0.053905391,0.005100689
Jason Kidd,PG,21,DAL,79,79,2668,330,857,0.385,70,257,0.272,260,600,0.433,192,275,0.698,152,278,430,607,151,24,250,146,922,15.1,0.471,0.426,0.321,0.3,5.8,11.9,8.7,33.2,2.9,0.6,20.4,19,103,109,1.1,2.6,3.7,0.066,0.002566923,0.004458497
John Stockton,PG,32,UTA,82,82,2867,429,791,0.542,102,227,0.449,327,564,0.58,246,306,0.804,57,194,251,1011,194,22,267,215,1206,23.3,0.651,0.607,0.387,0.287,2.6,8,5.5,52.6,3.5,0.6,22.4,18.9,125,105,9.9,4,13.9,0.233,0.017235057,0.004183663
Karl Malone,PF,31,UTA,82,82,3126,830,1548,0.536,11,41,0.268,819,1507,0.543,516,695,0.742,156,715,871,285,129,85,236,269,2187,25.1,0.59,0.54,0.449,0.026,6.6,27.2,17.4,16.4,2.1,2.2,11.3,30.3,115,101,8.1,5.8,13.8,0.212,0.195086175,0.005436831
Michael Jordan,SG,31,CHI,17,17,668,166,404,0.411,16,32,0.5,150,372,0.403,109,136,0.801,25,92,117,90,30,13,35,47,457,22.1,0.493,0.431,0.337,0.079,4.4,16.2,10.3,24.2,2.3,1.5,7,33.2,109,103,1.2,1.1,2.3,0.167,0.00440044,0.006195039
Patrick Ewing,C,32,NYK,79,79,2920,730,1452,0.503,6,21,0.286,724,1431,0.506,420,560,0.75,157,710,867,212,68,159,256,272,1886,21.9,0.555,0.505,0.386,0.014,6.6,27.5,17.4,14.4,1.2,4.1,13.1,30.7,106,98,3.1,6.5,9.6,0.157,0.084341768,0.007219554
Scottie Pippen,SF,29,CHI,79,79,3014,634,1320,0.48,109,316,0.345,525,1004,0.523,315,440,0.716,175,464,639,409,232,89,271,238,1692,22.6,0.559,0.522,0.333,0.239,6.9,18.2,12.5,22.8,4,2.2,15.2,26.3,110,98,5.1,6.7,11.8,0.188,0.030436377,0.00358025
Shaquille O'Neal,C,22,ORL,79,79,2923,930,1594,0.583,0,5,0,930,1589,0.585,455,854,0.533,328,573,901,214,73,192,204,258,2315,28.6,0.588,0.583,0.536,0.003,13.3,21.7,17.6,13.3,1.3,4.5,9.4,31.9,118,104,9.6,4.4,14,0.23,0.221855519,0.007723685
Alonzo Mourning,C,25,MIA,70,70,2671,563,1076,0.523,9,30,0.3,554,1046,0.53,488,712,0.685,218,509,727,159,70,189,262,245,1623,22.7,0.584,0.527,0.662,0.028,9.7,21.7,15.9,11.4,1.4,5.5,15.9,28.1,109,99,4.4,5.5,9.9,0.178,0.002042206,0.00611679
Anfernee Hardaway,PG,24,ORL,82,82,3015,623,1215,0.513,89,283,0.314,534,932,0.573,445,580,0.767,129,225,354,582,166,41,229,160,1780,24.6,0.605,0.549,0.477,0.233,5.1,8.5,6.8,32.2,2.9,1,13.5,25.5,122,107,11,3.4,14.4,0.229,0.122532335,0.007015529
Charles Barkley,PF,32,PHO,71,71,2632,580,1160,0.5,49,175,0.28,531,985,0.539,440,566,0.777,243,578,821,262,114,56,218,208,1649,24.8,0.585,0.521,0.488,0.151,10.9,25,18.1,17.4,2.2,1.6,13.4,27.5,115,105,7,3.5,10.5,0.191,0.002722941,0.006385071
David Robinson,C,30,SAS,82,82,3019,711,1378,0.516,3,9,0.333,708,1369,0.517,626,823,0.761,319,681,1000,247,111,271,190,262,2051,29.4,0.589,0.517,0.597,0.007,12.3,24.2,18.4,14.6,1.9,6.4,9.8,28.8,120,96,11.1,7.2,18.3,0.29,0.195371001,0.01032879
Dennis Rodman,PF,34,CHI,64,57,2088,146,304,0.48,3,27,0.111,143,277,0.516,56,106,0.528,356,596,952,160,36,27,138,196,351,13.6,0.501,0.485,0.349,0.089,19.9,33.2,26.6,10,0.9,1,28.2,10.3,109,98,1.7,4.6,6.2,0.143,0.00136147,0.003353504
Gary Payton,PG,27,SEA,81,81,3162,618,1276,0.484,98,299,0.328,520,977,0.532,229,306,0.748,104,235,339,608,231,19,260,221,1563,19.6,0.554,0.523,0.24,0.234,4.1,8.4,6.3,33.3,3.7,0.5,15.6,23.6,112,102,5.9,5.6,11.5,0.174,0.033356025,0.00373312
Grant Hill,SF,23,DET,80,80,3260,564,1221,0.462,5,26,0.192,559,1195,0.468,485,646,0.751,127,656,783,548,100,48,263,242,1618,20.9,0.537,0.464,0.529,0.021,4.9,23.4,14.5,31.4,1.7,1.2,14.9,25.9,110,102,6,5.7,11.7,0.172,0.021443159,0.005432676
Hakeem Olajuwon,C,33,HOU,72,72,2797,768,1494,0.514,3,14,0.214,765,1480,0.517,397,548,0.724,176,608,784,257,113,207,247,242,1936,25.5,0.558,0.515,0.367,0.009,7.3,24,15.9,18.3,2.1,5.3,12.5,31.9,108,101,4.5,5.2,9.7,0.166,0.081007488,0.007116135
John Stockton,PG,33,UTA,82,82,2915,440,818,0.538,95,225,0.422,345,593,0.582,234,282,0.83,54,172,226,916,140,15,246,207,1209,21.9,0.642,0.596,0.345,0.275,2.3,7.1,4.8,49.1,2.6,0.4,20.7,18.7,125,108,10.1,2.9,13,0.214,0.004084411,0.003755924
Karl Malone,PF,32,UTA,82,82,3113,789,1520,0.519,16,40,0.4,773,1480,0.522,512,708,0.723,175,629,804,345,138,56,199,245,2106,26,0.575,0.524,0.466,0.026,7.1,24.2,15.8,20.6,2.4,1.5,9.8,29.8,117,102,9.9,5.3,15.1,0.233,0.028931246,0.004930992
Magic Johnson,PF,36,LAL,32,9,958,137,294,0.466,22,58,0.379,115,236,0.487,172,201,0.856,40,143,183,220,26,13,103,48,468,21.1,0.612,0.503,0.684,0.197,5,17,11.1,34.1,1.4,1,21.2,22.7,117,107,2.6,1.1,3.6,0.181,0.002722941,0.01966494
Michael Jordan,SG,32,CHI,82,82,3090,916,1850,0.495,111,260,0.427,805,1590,0.506,548,657,0.834,148,395,543,352,180,42,197,195,2491,29.4,0.582,0.525,0.355,0.141,5.6,14.9,10.2,21.2,3.1,1,8.4,33.3,124,100,14.2,6.2,20.4,0.317,0.379169503,0.005164395
Mitch Richmond,SG,30,SAC,81,81,2946,611,1368,0.447,225,515,0.437,386,853,0.453,425,491,0.866,54,215,269,255,125,19,220,233,1872,19.2,0.591,0.529,0.359,0.376,2.1,8.5,5.3,15.9,2.2,0.5,12.2,26.9,115,110,7.2,2.1,9.3,0.151,0.001021103,0.004694905
Scottie Pippen,SF,30,CHI,77,77,2825,563,1216,0.463,150,401,0.374,413,815,0.507,220,324,0.679,152,344,496,452,133,57,207,198,1496,21,0.551,0.525,0.266,0.33,6.3,14.2,10.2,25.2,2.5,1.5,13.2,24.4,116,101,7,5.3,12.3,0.209,0.076923077,0.003923599
Shaquille O'Neal,C,23,ORL,54,52,1946,592,1033,0.573,1,2,0.5,591,1031,0.573,249,511,0.487,182,414,596,155,34,115,155,193,1434,26.4,0.57,0.574,0.495,0.002,11.1,24.2,17.8,15.9,0.9,4.4,11,32.8,110,103,3.9,3,6.9,0.171,0.021443159,0.007645988
Shawn Kemp,PF,26,SEA,79,76,2631,526,937,0.561,5,12,0.417,521,925,0.563,493,664,0.742,276,628,904,173,93,127,315,299,1550,22.6,0.631,0.564,0.709,0.013,13,26.9,20.3,11.5,1.8,3.8,20.4,26.2,111,97,5.2,6.1,11.2,0.205,0.024846835,0.004024204
Terrell Brandon,PG,25,CLE,75,75,2570,510,1096,0.465,91,235,0.387,419,861,0.487,338,381,0.887,47,201,248,487,132,33,142,146,1449,25.2,0.573,0.507,0.348,0.214,2.4,10.6,6.4,38.1,3,1.1,10.1,27.6,121,106,9.5,3.1,12.7,0.237,0.001021103,0.001549319
Allen Iverson,PG,21,PHI,76,74,3045,625,1504,0.416,155,455,0.341,470,1049,0.448,382,544,0.702,115,197,312,567,157,24,337,233,1787,18,0.513,0.467,0.362,0.303,4,7.2,5.6,33.6,2.6,0.6,16.2,28.9,104,112,3.1,1,4.1,0.065,0.000334448,0.002741101
Alonzo Mourning,C,26,MIA,66,65,2320,473,885,0.534,1,9,0.111,472,876,0.539,363,565,0.642,189,467,656,104,56,189,226,272,1310,21.6,0.578,0.535,0.638,0.01,9.8,23.4,16.8,8.8,1.3,6.3,16.6,27.5,106,95,2.8,5.6,8.4,0.174,0.001672241,0.01134165
Anthony Mason,PF,30,CHH,73,73,3143,433,825,0.525,1,3,0.333,432,822,0.526,319,428,0.745,186,643,829,414,76,33,165,202,1186,18.9,0.585,0.525,0.519,0.004,7.4,24,16,21.4,1.3,0.8,14,17.6,121,106,8,3.3,11.4,0.173,0.002341137,0.003357758
Charles Barkley,PF,33,HOU,53,53,2009,335,692,0.484,58,205,0.283,277,487,0.569,288,415,0.694,212,504,716,248,69,25,151,153,1016,23,0.581,0.526,0.6,0.296,12.9,27.7,20.7,20.6,1.8,0.9,14.7,23.2,117,100,5.7,3.7,9.4,0.224,0.000668896,0.005676872
Dikembe Mutombo,C,30,ATL,80,80,2973,380,721,0.527,0,0,0,380,721,0.527,306,434,0.705,268,661,929,110,49,264,186,249,1066,19,0.584,0.527,0.602,0,11,25.9,18.6,6.4,0.9,7,16.9,17.4,113,97,4.7,6.6,11.3,0.183,0.001337793,0.00968877
Gary Payton,PG,28,SEA,82,82,3213,706,1482,0.476,119,380,0.313,587,1102,0.533,254,355,0.715,106,272,378,583,197,13,215,208,1785,21.8,0.545,0.517,0.24,0.256,4,10.2,7.1,33.8,3.3,0.3,11.6,26.4,114,103,8.2,4.7,12.9,0.193,0.035117057,0.01234765
Glen Rice,SF,29,CHH,79,78,3362,722,1513,0.477,207,440,0.47,515,1073,0.48,464,535,0.867,67,251,318,160,72,26,177,190,2115,19.7,0.605,0.546,0.354,0.291,2.5,8.8,5.7,8.8,1.2,0.6,9.2,26.9,117,112,9.6,1.2,10.8,0.154,0.044816054,0.004838944
Grant Hill,SF,24,DET,80,80,3147,625,1259,0.496,10,33,0.303,615,1226,0.502,450,633,0.711,123,598,721,583,144,48,259,186,1710,25.5,0.556,0.5,0.503,0.026,5,23.1,14.2,36,2.6,1.3,14.4,28.3,114,100,8.7,5.9,14.6,0.223,0.125752508,0.006075885
Hakeem Olajuwon,C,34,HOU,78,78,2852,727,1426,0.51,5,16,0.313,722,1410,0.512,351,446,0.787,173,543,716,236,117,173,281,249,1810,22.7,0.558,0.512,0.313,0.011,7.4,21,14.5,16.2,2.1,4.5,14.8,30.4,105,99,3.5,5.6,9.1,0.154,0.031772575,0.01167416
John Stockton,PG,34,UTA,82,82,2896,416,759,0.548,76,180,0.422,340,579,0.587,275,325,0.846,45,183,228,860,166,15,248,194,1183,22.1,0.656,0.598,0.428,0.237,2.1,7.4,4.9,46,3.1,0.4,21.6,18.4,125,105,10,3.6,13.6,0.226,0.001003344,0.007254788
Karl Malone,PF,33,UTA,82,82,2998,864,1571,0.55,0,13,0,864,1558,0.555,521,690,0.755,193,616,809,368,113,48,233,217,2249,28.9,0.6,0.55,0.439,0.008,8.5,24.2,16.8,24.5,2,1.3,11.1,32.7,118,101,11.6,5.1,16.7,0.268,0.329765886,0.005630925
Kevin Johnson,PG,30,PHO,70,70,2658,441,890,0.496,89,202,0.441,352,688,0.512,439,515,0.852,54,199,253,653,102,12,217,141,1410,22.9,0.631,0.546,0.579,0.227,2.4,8.7,5.6,39.3,2,0.3,16.3,22.6,124,111,10.2,1.5,11.7,0.211,0.000334448,0.00846392
Michael Jordan,SG,33,CHI,82,82,3106,920,1892,0.486,111,297,0.374,809,1595,0.507,480,576,0.833,113,369,482,352,140,44,166,156,2431,27.8,0.567,0.516,0.304,0.157,4.2,13.2,8.8,21.2,2.4,1.1,7.2,33.2,121,102,13.3,5,18.3,0.283,0.32006689,0.03644322
Mitch Richmond,SG,31,SAC,81,81,3125,717,1578,0.454,204,477,0.428,513,1101,0.466,457,531,0.861,59,260,319,338,118,24,237,211,2095,21.6,0.578,0.519,0.337,0.302,2.2,9.8,6,20.6,2,0.6,11.6,29.4,115,110,8.7,2.1,10.8,0.166,0.001337793,0.004322645
Patrick Ewing,C,34,NYK,78,78,2887,655,1342,0.488,2,9,0.222,653,1333,0.49,439,582,0.754,175,659,834,156,69,189,269,250,1751,21.3,0.548,0.489,0.434,0.007,7.5,26.4,17.3,10.8,1.3,5.3,14.4,29.8,104,96,2.9,6.9,9.8,0.163,0.019063545,0.003627394
Scottie Pippen,SF,31,CHI,82,82,3095,648,1366,0.474,156,424,0.368,492,942,0.522,204,291,0.701,160,371,531,467,154,45,214,213,1656,21.3,0.554,0.531,0.213,0.31,5.9,13.3,9.7,24.3,2.7,1.1,12.5,24.6,115,101,7.8,5.2,13.1,0.203,0.002006689,0.002720546
Shaquille O'Neal,C,24,LAL,51,51,1941,552,991,0.557,0,4,0,552,987,0.559,232,479,0.484,195,445,640,159,46,147,146,180,1336,27.1,0.556,0.557,0.483,0.004,11.6,25.9,18.8,17.3,1.2,5.8,10.8,31.1,110,99,4.1,3.9,8,0.197,0.002341137,0.01295463
Steve Smith,SG,27,ATL,72,72,2818,491,1145,0.429,130,388,0.335,361,757,0.477,333,393,0.847,90,148,238,305,62,23,176,173,1445,17.4,0.548,0.486,0.343,0.339,3.9,6.1,5,20.2,1.2,0.6,11.8,25,114,108,6.5,2.6,9.1,0.154,0.000334448,0.005441091
Tim Hardaway,PG,30,MIA,81,81,3136,575,1384,0.415,203,590,0.344,372,794,0.469,291,364,0.799,49,228,277,695,151,9,230,165,1644,20.8,0.532,0.489,0.263,0.426,1.9,8.5,5.2,41.9,2.6,0.2,13,26.6,113,102,7.9,5,12.9,0.198,0.079598662,0.003022828
Tom Gugliotta,PF,27,MIN,81,81,3131,592,1339,0.442,24,93,0.258,568,1246,0.456,464,566,0.82,187,515,702,335,130,89,293,237,1672,19,0.526,0.451,0.423,0.069,7.1,19.3,13.3,19.3,2.2,2.1,15.6,27.5,103,104,2.6,4.2,6.7,0.103,0.000334448,0.006045657
Antoine Walker,PF,21,BOS,82,82,3268,722,1705,0.423,91,292,0.312,631,1413,0.447,305,473,0.645,270,566,836,273,142,60,292,262,1840,17.8,0.481,0.45,0.277,0.171,9,22.3,15.1,15.4,2.2,1.4,13.2,29.2,98,104,0.8,4,4.7,0.07,0.00198939,0.001965216
David Robinson,C,32,SAS,73,73,2457,544,1065,0.511,1,4,0.25,543,1061,0.512,485,660,0.735,239,536,775,199,64,192,202,204,1574,27.8,0.581,0.511,0.62,0.004,12,23.7,18.2,15.9,1.4,5.5,13,29.7,114,94,7.8,6,13.8,0.269,0.01193634,0.01306479
Gary Payton,PG,29,SEA,82,82,3145,579,1278,0.453,134,397,0.338,445,881,0.505,279,375,0.744,77,299,376,679,185,18,229,195,1571,21.6,0.544,0.505,0.293,0.311,3,11.2,7.1,36.7,3.1,0.4,13.7,24.6,114,103,8.5,4,12.5,0.19,0.142904509,0.01108516
Glen Rice,SF,30,CHH,82,82,3295,634,1386,0.457,130,300,0.433,504,1086,0.464,428,504,0.849,89,264,353,182,77,22,182,200,1826,17.4,0.568,0.504,0.364,0.216,3.3,9.6,6.5,9.9,1.3,0.5,10.2,25.1,112,109,7.4,2,9.3,0.136,0.002320955,0.004957108
Grant Hill,SF,25,DET,81,81,3294,615,1361,0.452,3,21,0.143,612,1340,0.457,479,647,0.74,93,530,623,551,143,53,285,196,1712,21.2,0.52,0.453,0.475,0.015,3.3,19.3,11.3,31.5,2.4,1.2,14.8,27.3,106,101,5.2,5.1,10.2,0.149,0.007625995,0.006167392
Jason Kidd,PG,24,PHO,82,82,3118,357,859,0.416,73,233,0.313,284,626,0.454,167,209,0.799,108,402,510,745,162,26,261,142,954,16.4,0.502,0.458,0.243,0.271,4.1,14.7,9.5,35.6,2.7,0.6,21.5,17.6,105,101,3.2,4.8,8,0.123,0.001657825,0.005506726
John Stockton,PG,35,UTA,64,64,1858,270,511,0.528,39,91,0.429,231,420,0.55,191,231,0.827,35,131,166,543,89,10,161,138,770,21.8,0.628,0.567,0.452,0.178,2.5,8.2,5.6,47.8,2.6,0.4,20.8,19.3,122,107,6.4,1.6,8,0.206,0.001657825,0.005271276
Karl Malone,PF,34,UTA,81,81,3030,780,1472,0.53,2,6,0.333,778,1466,0.531,628,825,0.761,189,645,834,316,96,70,247,237,2190,27.9,0.597,0.531,0.56,0.004,8.3,24.8,17.1,20.9,1.7,1.7,11.9,31.8,118,102,12.1,4.3,16.4,0.259,0.279177719,0.005396287
Michael Finley,SF,24,DAL,82,82,3394,675,1505,0.449,87,244,0.357,588,1261,0.466,326,416,0.784,150,288,438,405,132,30,219,163,1763,19.3,0.522,0.477,0.276,0.162,4.8,9.6,7.2,22.7,2.1,0.6,11.5,25.7,107,109,5.5,2,7.5,0.106,0.000331565,0.000861158
Michael Jordan,SG,34,CHI,82,82,3181,881,1893,0.465,30,126,0.238,851,1767,0.482,565,721,0.784,130,345,475,283,141,45,185,151,2357,25.2,0.533,0.473,0.381,0.067,4.7,12.5,8.5,18,2.4,1,7.7,33.7,114,100,10.4,5.4,15.8,0.238,0.359416446,0.03493801
Mitch Richmond,SG,32,SAC,70,70,2569,543,1220,0.445,130,334,0.389,413,886,0.466,407,471,0.864,50,179,229,279,88,15,181,154,1623,20.4,0.569,0.498,0.386,0.274,2.1,7.9,5,20.2,1.8,0.4,11.3,27.8,112,109,6.6,1.3,7.9,0.148,0.000994695,0.003162765
Reggie Miller,SG,32,IND,81,81,2795,516,1081,0.477,164,382,0.429,352,699,0.504,382,440,0.868,46,186,232,171,78,11,128,148,1578,19.8,0.619,0.553,0.407,0.353,2.1,7.6,5,11.1,1.5,0.3,9.1,23.9,121,105,9.2,2.8,12,0.206,0.00066313,0.009521874
Rik Smits,C,31,IND,73,69,2085,514,1038,0.495,0,3,0,514,1035,0.497,188,240,0.783,127,378,505,101,40,88,134,243,1216,19.9,0.532,0.495,0.231,0.003,7.7,20.8,14.6,9.9,1,3,10.5,29.2,104,99,2.5,3.6,6.1,0.141,0.00066313,0.00421702
Rod Strickland,PG,31,WAS,76,76,3020,490,1130,0.434,12,48,0.25,478,1082,0.442,357,492,0.726,112,293,405,801,126,25,266,182,1349,19.6,0.501,0.439,0.435,0.042,4.1,11.4,7.6,43.1,2.2,0.6,16.5,23.7,107,105,5.1,3,8.1,0.129,0.000331565,0.00363718
Scottie Pippen,SF,32,CHI,44,44,1652,315,704,0.447,61,192,0.318,254,512,0.496,150,193,0.777,53,174,227,254,79,43,109,116,841,20.4,0.533,0.491,0.274,0.273,3.7,12.1,7.9,26.5,2.6,1.9,12.1,24.4,112,99,3.7,3,6.6,0.193,0.00464191,0.002925558
Shaquille O'Neal,C,25,LAL,60,57,2175,670,1147,0.584,0,0,0,670,1147,0.584,359,681,0.527,208,473,681,142,39,144,175,193,1699,28.8,0.587,0.584,0.594,0,11.1,24,17.7,13.5,0.9,4.6,10.8,32.9,113,101,6.7,3.4,10.2,0.224,0.103116711,0.01355471
Tim Duncan,PF,21,SAS,82,82,3204,706,1287,0.549,0,10,0,706,1277,0.553,319,482,0.662,274,703,977,224,55,206,279,254,1731,22.6,0.577,0.549,0.375,0.008,10.5,23.8,17.6,13.7,0.9,4.5,15.7,26,108,95,5.6,7.2,12.8,0.192,0.049071618,0.003128861
Tim Hardaway,PG,31,MIA,81,81,3031,558,1296,0.431,155,442,0.351,403,854,0.472,257,329,0.781,48,251,299,672,136,16,224,200,1528,20.6,0.53,0.49,0.254,0.341,1.9,9.4,5.8,41.3,2.4,0.4,13.5,25.6,113,103,7.9,3.8,11.7,0.185,0.023541114,0.005060425
Vin Baker,C,26,SEA,82,82,2944,631,1164,0.542,1,7,0.143,630,1157,0.545,311,526,0.591,286,370,656,152,91,86,174,278,1574,20.4,0.564,0.543,0.452,0.006,11.8,14.8,13.3,9.3,1.7,2.2,11.1,24.7,112,104,6.9,3.5,10.4,0.169,0.00795756,0.004284886
Allen Iverson,SG,24,PHI,70,70,2853,729,1733,0.421,89,261,0.341,640,1472,0.435,442,620,0.713,71,196,267,328,144,5,230,162,1989,20,0.496,0.446,0.358,0.151,2.7,7.7,5.2,23,2.6,0.1,10.3,34.4,101,102,3.3,3.6,6.9,0.116,0.041958042,0.006880428
Alonzo Mourning,C,29,MIA,79,78,2748,652,1184,0.551,0,4,0,652,1180,0.553,414,582,0.711,215,538,753,123,40,294,217,308,1718,25.8,0.596,0.551,0.492,0.003,9.5,21.6,15.9,8.7,0.8,7.8,13.1,28.1,112,96,7.3,5.6,12.9,0.226,0.116656071,0.01147105
Chris Webber,PF,26,SAC,75,75,2880,748,1548,0.483,27,95,0.284,721,1453,0.496,311,414,0.751,189,598,787,345,120,128,218,264,1834,23.4,0.53,0.492,0.267,0.061,6.8,21.8,14.3,21.1,2,2.9,11.2,28.2,107,98,5.7,5,10.7,0.179,0.03051494,0.008409412
Darrell Armstrong,PG,31,ORL,82,82,2590,484,1119,0.433,137,403,0.34,347,716,0.485,225,247,0.911,65,205,270,501,169,9,248,137,1330,19.5,0.542,0.494,0.221,0.36,2.7,8.6,5.7,31.4,3.2,0.2,16.8,23.9,107,102,4.6,3.4,8,0.149,0.000317864,0.00315353
Gary Payton,PG,31,SEA,82,82,3425,747,1666,0.448,177,520,0.34,570,1146,0.497,311,423,0.735,100,429,529,732,153,18,224,178,1982,23.6,0.535,0.502,0.254,0.312,3.2,13.9,8.5,37.7,2.3,0.4,10.8,26.8,114,104,10.5,3.5,13.9,0.195,0.057215512,0.008425064
Grant Hill,SF,27,DET,74,74,2776,696,1422,0.489,34,98,0.347,662,1324,0.5,480,604,0.795,97,393,490,385,103,43,240,190,1906,24.5,0.565,0.501,0.425,0.069,4.1,16.4,10.2,26.8,1.9,1.1,12.4,30.5,111,105,8.1,2.6,10.7,0.185,0.035918627,0.00530481
Jalen Rose,SF,27,IND,80,80,2978,563,1196,0.471,77,196,0.393,486,1000,0.486,254,307,0.827,42,345,387,320,84,49,188,234,1457,16.7,0.547,0.503,0.257,0.164,1.6,12.5,7.3,18.4,1.5,1.1,12.4,23.2,106,105,4.4,2.9,7.3,0.118,0.000317864,0.001863449
Jason Kidd,PG,26,PHO,67,67,2616,350,855,0.409,56,166,0.337,294,689,0.427,203,245,0.829,96,387,483,678,134,28,226,148,959,18.4,0.498,0.442,0.287,0.194,4.2,16.1,10.3,40.1,2.6,0.8,19,20,106,98,3.7,4.8,8.5,0.156,0.007946599,0.005243142
Karl Malone,PF,36,UTA,82,82,2947,752,1476,0.509,2,8,0.25,750,1468,0.511,589,739,0.797,169,610,779,304,79,71,231,229,2095,27.1,0.582,0.51,0.501,0.005,7.1,24.7,16.1,20.9,1.4,1.9,11.4,31.9,115,100,10.7,4.5,15.3,0.249,0.099173554,0.01070289
Kevin Garnett,PF,23,MIN,81,81,3243,759,1526,0.497,30,81,0.37,729,1445,0.504,309,404,0.765,223,733,956,401,120,126,268,205,1857,23.6,0.545,0.507,0.265,0.053,7.9,26.6,17.1,21.5,1.9,2.8,13.6,27.4,107,99,6.1,5.6,11.6,0.172,0.129688493,0.01284828
Kobe Bryant,SG,21,LAL,66,62,2524,554,1183,0.468,46,144,0.319,508,1039,0.489,331,403,0.821,108,308,416,323,106,62,182,220,1485,21.7,0.546,0.488,0.341,0.122,4.6,12.9,8.8,22.4,2.2,1.7,11.8,26.8,110,98,6.1,4.5,10.6,0.202,0.000953592,0.006880428
Michael Finley,SF,26,DAL,82,82,3464,748,1636,0.457,99,247,0.401,649,1389,0.467,260,317,0.82,122,396,518,438,109,32,196,171,1855,19.2,0.522,0.487,0.194,0.151,3.8,12.2,8,21.3,1.6,0.6,9.9,25.1,108,108,6.4,1.9,8.3,0.114,0.000317864,0.005504342
Reggie Miller,SG,34,IND,81,81,2987,466,1041,0.448,165,404,0.408,301,637,0.473,373,406,0.919,50,189,239,187,85,25,129,126,1470,17.3,0.603,0.527,0.39,0.388,2,6.8,4.5,10.2,1.5,0.6,9.6,20.5,118,107,8,2,10.1,0.162,0.000317864,0.006904777
Shaquille O'Neal,C,27,LAL,79,79,3163,956,1665,0.574,0,1,0,956,1664,0.575,432,824,0.524,336,742,1078,299,36,239,223,255,2344,30.6,0.578,0.574,0.495,0.001,11.5,24.8,18.3,19.3,0.6,5.3,9.9,31.2,115,95,11.7,7,18.6,0.283,0.383661793,0.01310558
Tim Duncan,PF,23,SAS,74,74,2875,628,1281,0.49,1,11,0.091,627,1270,0.494,459,603,0.761,262,656,918,234,66,165,242,210,1716,24.8,0.555,0.491,0.471,0.009,10.8,24.8,18.1,15.5,1.2,4,13.5,28.7,109,95,6.7,6.4,13,0.218,0.078830261,0.002949594
Vince Carter,SF,23,TOR,82,82,3126,788,1696,0.465,95,236,0.403,693,1460,0.475,436,551,0.791,150,326,476,322,110,92,178,263,2107,23.4,0.543,0.493,0.325,0.139,5.2,12.1,8.5,20.5,1.8,2.1,8.4,30,112,105,9.1,2.7,11.8,0.182,0.016211062,0.001733317
Allen Iverson,SG,25,PHI,71,71,2979,762,1813,0.42,98,306,0.32,664,1507,0.441,585,719,0.814,50,223,273,325,178,20,237,147,2207,24,0.518,0.447,0.397,0.169,1.9,8.3,5.2,23,3.2,0.5,10,35.9,106,99,7.3,4.5,11.8,0.19,0.347704715,0.006774395
Anthony Mason,PF,34,MIA,80,80,3254,460,954,0.482,0,0,0,460,954,0.482,370,474,0.781,169,601,770,248,80,25,179,231,1290,17.4,0.555,0.482,0.497,0,6.2,21.9,14.1,14.2,1.4,0.6,13.3,20,109,98,6,5.6,11.6,0.171,0.000310174,0.003711539
Chris Webber,PF,27,SAC,70,70,2836,786,1635,0.481,2,28,0.071,784,1607,0.488,324,461,0.703,179,598,777,294,93,118,195,226,1898,24.7,0.516,0.481,0.282,0.017,7,22.1,14.8,20.6,1.7,2.8,9.6,31.6,105,97,5.8,5.2,11,0.186,0.161600496,0.00802495
David Robinson,C,35,SAS,80,80,2371,400,823,0.486,0,1,0,400,822,0.487,351,470,0.747,208,483,691,116,80,197,122,212,1151,23.7,0.559,0.486,0.571,0.001,10.4,22,16.5,8.8,1.8,5.8,10.6,22.8,114,92,6.4,5.7,12.1,0.246,0.00248139,0.009830564
Jason Kidd,PG,27,PHO,77,76,3065,451,1097,0.411,69,232,0.297,382,865,0.442,328,403,0.814,91,403,494,753,166,23,286,171,1299,19.4,0.51,0.443,0.367,0.211,3.3,15.2,9.1,41.2,2.8,0.5,18.3,22.7,104,97,4.2,5.4,9.6,0.15,0.005583127,0.005135968
Jerry Stackhouse,SG,26,DET,80,80,3215,774,1927,0.402,166,473,0.351,608,1454,0.418,666,810,0.822,99,216,315,410,97,54,326,160,2380,21.8,0.521,0.445,0.42,0.245,3.2,7.3,5.2,25.8,1.5,1.2,12.5,35.2,104,105,6.6,2.6,9.2,0.137,0.000930521,0.00355104
John Stockton,PG,38,UTA,82,82,2397,328,651,0.504,61,132,0.462,267,519,0.514,227,278,0.817,54,173,227,713,132,21,203,194,944,22.3,0.61,0.551,0.427,0.203,2.9,8.8,5.9,48.7,2.9,0.7,20.8,18.8,120,103,8.2,2.6,10.8,0.216,0.000310174,0.007356204
Karl Malone,PF,37,UTA,81,81,2895,670,1345,0.498,2,5,0.4,668,1340,0.499,536,676,0.793,114,555,669,361,93,62,244,216,1878,24.7,0.572,0.499,0.503,0.004,5,23.3,14.3,24.1,1.7,1.7,12.9,30,112,100,9.1,4,13.1,0.217,0.006513648,0.01053275
Kevin Garnett,PF,24,MIN,81,81,3202,704,1475,0.477,19,66,0.288,685,1409,0.486,357,467,0.764,219,702,921,401,111,145,230,204,1784,23.9,0.531,0.484,0.317,0.045,7.7,25.3,16.4,21.8,1.8,3.2,12,27,108,99,7,4.8,11.8,0.176,0.046836228,0.01311411
Kobe Bryant,SG,22,LAL,68,68,2783,701,1510,0.464,61,200,0.305,640,1310,0.489,475,557,0.853,104,295,399,338,114,43,220,222,1938,24.5,0.552,0.484,0.369,0.132,4.3,11.8,8.1,23,2.1,1.1,11.1,31.8,112,105,9.2,2.2,11.3,0.196,0.003411911,0.006774395
Michael Finley,SF,27,DAL,82,82,3443,711,1552,0.458,91,263,0.346,620,1289,0.481,252,325,0.775,109,316,425,360,118,32,190,174,1765,18.2,0.521,0.487,0.209,0.169,3.6,10,6.9,18.3,1.8,0.7,10.1,24.9,105,105,5.6,2.9,8.5,0.119,0.000310174,0.005617465
Paul Pierce,SF,23,BOS,82,82,3120,687,1513,0.454,147,384,0.383,540,1129,0.478,550,738,0.745,94,428,522,253,138,69,262,251,2071,22.3,0.563,0.503,0.488,0.254,3.4,16.7,9.8,16.9,2.3,1.7,12.5,30.6,107,102,6.9,3.5,10.4,0.16,0.001550868,0.001075905
Ray Allen,SG,25,MIL,82,82,3129,628,1309,0.48,202,467,0.433,426,842,0.506,348,392,0.888,101,327,428,374,124,20,204,192,1806,22.9,0.61,0.557,0.299,0.357,3.7,11.8,7.8,20.4,2.1,0.5,12.1,24.4,119,106,11.5,2.2,13.7,0.211,0.002171216,0.006774395
Shaquille O'Neal,C,28,LAL,74,74,2924,813,1422,0.572,0,2,0,813,1420,0.573,499,972,0.513,291,649,940,277,47,204,218,256,2125,30.2,0.574,0.572,0.684,0.001,11.3,24.8,18.1,18.8,0.8,4.9,10.5,31.6,114,101,11.1,3.9,14.9,0.245,0.179280397,0.01289724
Tim Duncan,PF,24,SAS,82,82,3174,702,1406,0.499,7,27,0.259,695,1379,0.504,409,662,0.618,259,738,997,245,70,192,242,247,1820,23.8,0.536,0.502,0.471,0.019,9.7,25.1,17.8,15.3,1.2,4.2,12.5,28.7,106,94,6.2,7.1,13.2,0.2,0.21898263,0.006460085
Tracy McGrady,SG,21,ORL,77,77,3087,788,1724,0.457,59,166,0.355,729,1558,0.468,430,587,0.733,192,388,580,352,116,118,198,160,2065,24.9,0.521,0.474,0.34,0.096,6.7,14.3,10.4,22.8,1.9,2.8,9.1,31.2,109,101,8.3,3.9,12.2,0.189,0.019851117,0.006460085
Vince Carter,SF,24,TOR,75,75,2979,762,1656,0.46,162,397,0.408,600,1259,0.477,384,502,0.765,176,240,416,291,114,82,167,205,2070,25,0.551,0.509,0.303,0.24,6.5,9.3,7.9,19.2,2,1.9,8.2,30.7,114,104,10.3,2.6,12.9,0.208,0.002171216,0.001622003
Allen Iverson,SG,26,PHI,60,59,2622,665,1669,0.398,78,268,0.291,587,1401,0.419,475,585,0.812,44,225,269,331,168,13,237,102,1883,21.9,0.489,0.422,0.351,0.161,1.9,9.6,5.8,27.6,3.5,0.4,11,37.8,101,100,2.6,4.3,6.9,0.126,0.008852259,0.007244351
Ben Wallace,C,27,DET,80,80,2921,255,480,0.531,0,3,0,255,477,0.535,99,234,0.423,318,721,1039,115,138,278,70,178,609,18.6,0.522,0.531,0.488,0.006,12.9,28.9,21,6.2,2.5,6.7,10.7,10.5,117,93,4.3,7.2,11.6,0.19,0.007326007,0.003026529
Chris Webber,PF,28,SAC,54,54,2071,532,1075,0.495,5,19,0.263,527,1056,0.499,253,338,0.749,150,396,546,258,90,76,158,181,1322,24.4,0.54,0.497,0.314,0.018,7.9,20.1,14.1,21.9,2.2,2.4,11.4,29,109,98,4.8,3.9,8.6,0.2,0.011294261,0.008210265
Dirk Nowitzki,C,23,DAL,76,76,2891,600,1258,0.477,139,350,0.397,461,908,0.508,440,516,0.853,120,635,755,186,83,77,145,222,1779,24.1,0.599,0.532,0.41,0.278,4.7,24,14.5,10.8,1.5,1.9,8.9,25.5,120,104,10.2,3.1,13.4,0.222,0.009462759,0.001389367
Elton Brand,PF,22,LAC,80,80,3020,532,1010,0.527,0,0,0,532,1010,0.527,389,524,0.742,396,529,925,191,80,163,173,254,1453,23.6,0.586,0.527,0.519,0,15,19.6,17.3,11,1.4,3.7,12.2,21.1,120,103,9.9,3.7,13.6,0.216,0.00030525,0.002500016
Gary Payton,PG,33,SEA,82,82,3301,737,1578,0.467,74,236,0.314,663,1342,0.494,267,335,0.797,80,316,396,737,131,26,209,179,1815,22.9,0.526,0.49,0.212,0.15,2.9,11.1,7.1,39.4,2.1,0.6,10.8,27.2,114,107,10.1,2.5,12.6,0.183,0.016483516,0.008323916
Jason Kidd,PG,28,NJN,82,82,3056,445,1138,0.391,117,364,0.321,328,774,0.424,201,247,0.814,130,465,595,808,175,20,286,136,1208,19.1,0.484,0.442,0.217,0.32,4.7,17.2,10.9,42.5,3,0.5,18.7,22.5,103,98,3.1,5.8,8.9,0.14,0.273809524,0.005439703
Jerry Stackhouse,SF,27,DET,76,76,2685,524,1319,0.397,86,300,0.287,438,1019,0.43,495,577,0.858,77,238,315,403,77,37,266,163,1629,19,0.518,0.43,0.437,0.227,3.4,10.4,6.9,28.4,1.5,1,14.5,32.3,102,105,3.2,2.6,5.8,0.104,0.000915751,0.003763038
Kevin Garnett,PF,25,MIN,81,81,3175,659,1401,0.47,37,116,0.319,622,1285,0.484,359,448,0.801,243,738,981,422,96,126,229,184,1714,23.8,0.536,0.484,0.32,0.083,9,26.5,17.8,22.4,1.6,2.9,12.5,26,111,101,7.9,4.9,12.8,0.194,0.005189255,0.01442431
Kobe Bryant,SG,23,LAL,80,80,3063,749,1597,0.469,33,132,0.25,716,1465,0.489,488,589,0.829,112,329,441,438,118,35,223,228,2019,23.2,0.544,0.479,0.369,0.083,4.1,11.7,7.9,25.9,2,0.8,10.7,30.4,112,103,8.9,3.8,12.7,0.199,0.02991453,0.007244351
Michael Jordan,SF,38,WAS,60,53,2093,551,1324,0.416,10,53,0.189,541,1271,0.426,263,333,0.79,50,289,339,310,85,26,162,119,1375,20.7,0.468,0.42,0.252,0.04,2.7,16.2,9.4,30.8,2.2,0.9,9.9,36,99,105,1.2,2.1,3.3,0.075,0.004884005,0.000643942
Mike Bibby,PG,23,SAC,80,80,2659,446,985,0.453,51,138,0.37,395,847,0.466,155,193,0.803,37,185,222,403,87,15,134,133,1098,14.9,0.513,0.479,0.196,0.14,1.5,7.3,4.5,23,1.6,0.4,11.1,19.7,107,105,3.7,2.6,6.3,0.113,0.00030525,0.00268839
Paul Pierce,SG,24,BOS,82,82,3302,707,1598,0.442,210,520,0.404,497,1078,0.461,520,643,0.809,81,485,566,261,154,86,241,237,2144,22.3,0.57,0.508,0.402,0.325,2.6,16.5,9.4,15.7,2.4,2,11.4,29.3,109,99,7.3,5.6,12.9,0.187,0.006715507,0.0013209
Peja Stojakovic,SF,24,SAC,71,71,2649,547,1130,0.484,129,310,0.416,418,820,0.51,283,323,0.876,72,301,373,175,81,14,140,120,1506,19.3,0.592,0.541,0.286,0.274,3,11.9,7.5,10.6,1.5,0.4,9.9,23.2,115,104,6.8,3,9.9,0.179,0.00030525,0.003219712
Shaquille O'Neal,C,29,LAL,67,66,2422,712,1229,0.579,0,1,0,712,1228,0.58,398,717,0.555,235,480,715,200,41,137,171,199,1822,29.7,0.59,0.579,0.583,0.001,10.8,21.6,16.3,16.4,0.9,4.1,10,31.8,116,99,9.2,4,13.2,0.262,0.212454212,0.01379876
Steve Nash,PG,27,DAL,82,82,2837,525,1088,0.483,156,343,0.455,369,745,0.495,260,293,0.887,50,204,254,634,53,4,229,164,1466,20.7,0.602,0.554,0.269,0.315,2,7.9,5,36.1,1,0.1,15.8,23,118,112,9.5,0.3,9.9,0.167,0.001526252,0.003702669
Tim Duncan,PF,25,SAS,82,82,3329,764,1504,0.508,1,10,0.1,763,1494,0.511,560,701,0.799,268,774,1042,307,61,203,263,217,2089,27,0.576,0.508,0.466,0.007,9.6,25.9,18,18.3,1,4.3,12.7,29,114,96,10.7,7.1,17.8,0.257,0.291208791,0.006996595
Tracy McGrady,SG,22,ORL,76,76,2912,715,1586,0.451,103,283,0.364,612,1303,0.47,415,555,0.748,150,447,597,400,119,73,189,139,1948,25.1,0.532,0.483,0.35,0.178,5.7,17.3,11.5,25.8,2.1,1.8,9.4,31.1,111,103,8.1,3.4,11.5,0.189,0.119047619,0.006996595
Allen Iverson,SG,27,PHI,82,82,3485,804,1940,0.414,84,303,0.277,720,1637,0.44,570,736,0.774,68,276,344,454,225,13,286,149,2262,21.2,0.5,0.436,0.379,0.156,2.3,9.5,5.8,25.1,3.4,0.3,11.2,32.9,103,102,5,4.2,9.2,0.127,0.026826115,0.007441501
Ben Wallace,C,28,DET,73,73,2873,210,437,0.481,1,6,0.167,209,431,0.485,85,189,0.45,293,833,1126,120,104,230,88,179,506,17.2,0.486,0.482,0.432,0.014,11.9,34.9,23.2,6.9,2,5.9,14.5,10.2,108,90,2.7,7.9,10.6,0.176,0.010665805,0.003126934
Chris Webber,PF,29,SAC,67,67,2622,661,1433,0.461,5,21,0.238,656,1412,0.465,215,354,0.607,160,544,704,364,106,88,215,204,1542,20.9,0.485,0.463,0.247,0.015,6.9,21.1,14.4,24.6,2,2.2,11.9,30.4,99,96,1.7,5.3,6.9,0.127,0.006140918,0.008625376
Dirk Nowitzki,PF,24,DAL,80,80,3117,690,1489,0.463,148,390,0.379,542,1099,0.493,483,548,0.881,81,710,791,239,111,82,152,206,2011,25.6,0.581,0.513,0.368,0.262,2.9,25.1,14,13.3,1.8,2,8.1,27.4,117,98,10.8,5.3,16.1,0.249,0.013897867,0.006054074
Jamal Mashburn,SF,30,NOH,82,81,3321,670,1586,0.422,119,306,0.389,551,1280,0.43,313,369,0.848,66,432,498,462,83,17,230,196,1772,18,0.507,0.46,0.233,0.193,2.3,15.3,8.7,26.2,1.3,0.4,11.6,27.1,105,103,5.4,3.6,9,0.13,0.000323206,0.004660334
Jason Kidd,PG,29,NJN,80,80,2989,515,1244,0.414,126,370,0.341,389,874,0.445,339,403,0.841,110,394,504,711,179,25,296,127,1495,22.2,0.526,0.465,0.324,0.297,4.2,15.1,9.6,42.2,3.1,0.6,17.2,25.9,106,96,5.5,5.8,11.3,0.182,0.010019392,0.005571354
Kevin Garnett,PF,26,MIN,82,82,3321,743,1481,0.502,20,71,0.282,723,1410,0.513,377,502,0.751,244,858,1102,495,113,129,229,199,1883,26.4,0.553,0.508,0.339,0.048,8.6,28.5,18.8,25.8,1.8,2.8,11.9,26.4,113,98,9.8,5.8,15.6,0.225,0.281512605,0.0151536
Kobe Bryant,SG,24,LAL,82,82,3401,868,1924,0.451,124,324,0.383,744,1600,0.465,601,713,0.843,106,458,564,481,181,67,288,218,2461,26.2,0.55,0.483,0.371,0.168,3.5,15.3,9.3,27.2,2.8,1.4,11.4,32.9,111,103,11,4,14.9,0.21,0.160310278,0.007441501
Paul Pierce,SG,25,BOS,79,79,3096,663,1592,0.416,118,391,0.302,545,1201,0.454,604,753,0.802,106,472,578,349,139,62,288,227,2048,22.7,0.532,0.454,0.473,0.246,3.8,17.7,10.6,24.2,2.4,1.6,13,33.2,104,100,5.3,4.8,10.1,0.157,0.000323206,0.006054074
Shaquille O'Neal,C,30,LAL,67,66,2535,695,1211,0.574,0,0,0,695,1211,0.574,451,725,0.622,259,483,742,206,38,159,196,229,1841,29.5,0.602,0.574,0.599,0,11.4,21.6,16.5,16.2,0.8,4.5,11.4,30.2,117,102,10.2,3,13.2,0.25,0.040723982,0.01417429
Steve Nash,PG,28,DAL,82,82,2711,518,1114,0.465,111,269,0.413,407,845,0.482,308,339,0.909,63,171,234,598,85,6,192,134,1455,22.6,0.576,0.515,0.304,0.241,2.6,7,4.8,36.3,1.6,0.2,13.2,24.4,118,106,9.7,1.9,11.6,0.206,0.000323206,0.003457667
Tim Duncan,PF,26,SAS,81,81,3181,714,1392,0.513,6,22,0.273,708,1370,0.517,450,634,0.71,259,784,1043,316,55,237,248,231,1884,26.9,0.564,0.515,0.455,0.016,9.9,27.3,19,19.5,0.9,5.2,12.9,28,112,94,9.5,6.9,16.5,0.248,0.31092437,0.007259598
Tracy McGrady,SG,23,ORL,75,74,2954,829,1813,0.457,173,448,0.386,656,1365,0.481,576,726,0.793,121,367,488,411,124,59,195,156,2407,30.3,0.564,0.505,0.4,0.247,4.6,14.6,9.5,30,2.2,1.5,8.4,35.2,116,104,13.2,2.9,16.1,0.262,0.13800905,0.007259598
Andrei Kirilenko,PF,22,UTA,78,78,2895,412,931,0.443,68,201,0.338,344,730,0.471,392,496,0.79,226,403,629,244,150,215,215,174,1284,22.6,0.559,0.479,0.533,0.216,9.5,17.5,13.5,15.7,2.9,6.3,15.8,21.9,111,97,6.5,5,11.6,0.192,0.000625391,0.000574214
Baron Davis,PG,24,NOH,67,66,2686,554,1402,0.395,187,582,0.321,367,820,0.448,237,352,0.673,66,221,287,501,158,27,215,178,1532,20.7,0.492,0.462,0.251,0.415,2.7,9.6,6.1,37.9,3.2,0.8,12.1,30.1,103,102,4.3,3.2,7.5,0.133,0.001250782,0.006584415
Ben Wallace,C,29,DET,81,81,3050,315,748,0.421,1,8,0.125,314,740,0.424,142,290,0.49,324,682,1006,138,143,246,123,162,773,17.3,0.441,0.422,0.388,0.011,12.5,25.5,19.1,7.7,2.6,6.1,12.3,15.3,98,87,1.1,9.1,10.2,0.16,0.00750469,0.003304223
Carmelo Anthony,SF,19,DEN,82,82,2995,624,1465,0.426,69,214,0.322,555,1251,0.444,408,525,0.777,183,315,498,227,97,41,247,225,1725,17.6,0.509,0.449,0.358,0.146,6.8,12.1,9.4,13.8,1.7,1,12.7,28.5,102,105,3.7,2.4,6.1,0.098,0.000312695,0.001939999
Dirk Nowitzki,C,25,DAL,77,77,2915,605,1310,0.462,99,290,0.341,506,1020,0.496,371,423,0.877,90,580,670,207,92,104,135,216,1680,22.5,0.561,0.5,0.323,0.221,3.3,22.2,12.5,11.3,1.6,2.6,8.3,24.5,116,104,9,2.5,11.5,0.19,0.001250782,0.006804427
Jason Kidd,PG,30,NJN,67,66,2450,368,959,0.384,94,293,0.321,274,666,0.411,206,249,0.827,85,343,428,618,122,14,214,110,1036,19.7,0.485,0.433,0.26,0.306,4.1,16.5,10.3,44.8,2.7,0.4,16.7,24.6,102,97,2.8,4.4,7.2,0.141,0.005315822,0.007901298
Jermaine O'Neal,PF,25,IND,78,78,2788,608,1400,0.434,2,18,0.111,606,1382,0.438,348,460,0.757,193,585,778,164,59,199,181,248,1566,21.1,0.489,0.435,0.329,0.013,8.1,25,16.5,12.3,1.2,5.5,10.1,30.2,100,93,2.7,6.3,9,0.155,0.163539712,0.007901298
Kevin Garnett,PF,27,MIN,82,82,3231,804,1611,0.499,11,43,0.256,793,1568,0.506,368,465,0.791,245,894,1139,409,120,178,212,202,1987,29.4,0.547,0.502,0.289,0.027,9.1,30,20.1,24.4,2,4,10.5,29.6,112,92,10.4,8,18.3,0.272,0.381175735,0.0168215
Kobe Bryant,SG,25,LAL,65,64,2447,516,1178,0.438,71,217,0.327,445,961,0.463,454,533,0.852,103,256,359,330,112,28,171,176,1557,23.7,0.551,0.468,0.452,0.184,4.7,12,8.3,24.4,2.4,0.8,10.8,29.1,112,102,7.8,3,10.7,0.21,0.066291432,0.008110365
LeBron James,SG,19,CLE,79,79,3122,622,1492,0.417,63,217,0.29,559,1275,0.438,347,460,0.754,99,333,432,465,130,58,273,149,1654,18.3,0.488,0.438,0.308,0.145,3.5,11.8,7.6,27.8,2.2,1.3,13.9,28.2,99,104,2.4,2.6,5.1,0.078,0.00343965,0.002414438
Michael Redd,SG,24,MIL,82,82,3021,633,1439,0.44,127,363,0.35,506,1076,0.47,383,441,0.868,118,289,407,185,81,6,116,152,1776,19.9,0.544,0.484,0.306,0.252,4.4,10.9,7.7,11.3,1.4,0.1,6.6,26.3,113,108,8.4,1.3,9.7,0.154,0.000312695,0.001802303
Peja Stojakovic,SF,26,SAC,81,81,3264,665,1386,0.48,240,554,0.433,425,832,0.511,394,425,0.927,91,417,508,173,108,14,153,159,1964,21.8,0.624,0.566,0.307,0.4,3.2,14.1,8.8,9.1,1.7,0.3,8.9,23.9,120,106,11.4,2.1,13.5,0.198,0.087867417,0.003754799
Sam Cassell,PG,34,MIN,81,81,2838,620,1270,0.488,74,186,0.398,546,1084,0.504,289,331,0.873,44,227,271,592,102,18,220,247,1603,22.8,0.566,0.517,0.261,0.146,1.9,8.7,5.5,38,1.9,0.5,13.5,27.2,113,102,8.8,3.3,12.1,0.205,0.001250782,0.003041387
Shaquille O'Neal,C,31,LAL,67,67,2464,554,948,0.584,0,0,0,554,948,0.584,331,676,0.49,246,523,769,196,34,166,195,225,1439,24.4,0.578,0.584,0.713,0,11.1,24.4,17.7,14.8,0.7,5,13.5,26.3,109,98,5.9,4,9.9,0.192,0.055659787,0.014869
Tim Duncan,PF,27,SAS,69,68,2527,592,1181,0.501,2,12,0.167,590,1169,0.505,352,588,0.599,227,632,859,213,62,185,183,164,1538,27.1,0.534,0.502,0.498,0.01,10.2,27.6,19,17.4,1.3,5.3,11.3,29.7,107,89,5.9,7.2,13.1,0.249,0.223889931,0.007615407
Yao Ming,C,23,HOU,82,82,2692,535,1025,0.522,0,2,0,535,1023,0.523,361,446,0.809,197,538,735,122,22,156,204,273,1431,21.9,0.586,0.522,0.435,0.002,9.1,22.4,16.1,9.3,0.4,4.5,14.3,25.3,110,97,6.5,4.8,11.4,0.202,0.000312695,0.00249172
Allen Iverson,PG,29,PHI,75,75,3174,771,1818,0.424,104,338,0.308,667,1480,0.451,656,786,0.835,51,248,299,596,180,9,344,140,2302,23.2,0.532,0.453,0.432,0.186,1.8,8.9,5.3,37.6,2.9,0.2,13.7,35,105,105,5.3,3.7,9,0.136,0.072683222,0.008269957
Amar'e Stoudemire,C,22,PHO,80,80,2889,747,1336,0.559,3,16,0.188,744,1320,0.564,583,795,0.733,219,494,713,131,77,130,189,278,2080,26.6,0.617,0.56,0.595,0.012,8.5,17.4,13.2,7.7,1.3,3,10.1,28.3,121,105,11.3,3.3,14.6,0.243,0.012416717,0.001149142
Dirk Nowitzki,PF,26,DAL,78,78,3020,663,1445,0.459,91,228,0.399,572,1217,0.47,615,708,0.869,96,661,757,240,97,119,176,219,2032,26.1,0.578,0.49,0.49,0.158,3.6,24,14,14.3,1.7,2.9,9.1,28.7,118,100,10.3,5.2,15.6,0.248,0.105693519,0.007116228
Dwyane Wade,SG,23,MIA,77,77,2974,630,1318,0.478,13,45,0.289,617,1273,0.485,581,762,0.762,110,287,397,520,121,82,321,230,1854,23.1,0.561,0.483,0.578,0.034,4.5,10.8,7.8,31,2.2,2,16.3,30.9,109,103,6.7,4.3,11,0.177,0.013022411,0.001602624
Gilbert Arenas,PG,23,WAS,80,80,3274,656,1523,0.431,205,562,0.365,451,961,0.469,521,640,0.814,83,295,378,411,139,23,242,245,2038,21.3,0.565,0.498,0.42,0.369,2.8,10.5,6.5,22.9,2.2,0.5,11.8,27.3,115,109,9.2,2.3,11.5,0.169,0.001211387,0.00530951
Kevin Garnett,PF,28,MIN,82,82,3121,683,1360,0.502,6,25,0.24,677,1335,0.507,445,549,0.811,247,861,1108,466,121,112,222,207,1817,28.2,0.567,0.504,0.404,0.018,9.5,30.2,20.3,27.1,2.1,2.6,12.2,27.1,117,99,10.1,6,16.1,0.248,0.004542701,0.009047474
LeBron James,SF,20,CLE,80,80,3388,795,1684,0.472,108,308,0.351,687,1376,0.499,477,636,0.75,111,477,588,577,177,52,262,146,2175,25.7,0.554,0.504,0.378,0.183,3.8,17,10.2,32.9,2.8,1.1,11.8,29.7,114,103,9.7,4.6,14.3,0.203,0.028164749,0.002443022
Marcus Camby,C,30,DEN,66,66,2015,279,600,0.465,0,4,0,279,596,0.468,125,173,0.723,131,530,661,152,61,199,103,177,683,18,0.505,0.465,0.288,0.007,7.5,30.1,18.9,12,1.6,7.4,13.2,17.2,103,96,1.2,4.5,5.8,0.138,0.000302847,0.004806471
P.J. Brown,PF,35,NOH,82,78,2817,338,758,0.446,0,0,0,338,758,0.446,210,243,0.864,266,471,737,178,74,50,101,233,886,15.5,0.512,0.446,0.321,0,10.7,20.6,15.5,11.2,1.4,1.4,10.5,15.9,112,106,4,2.9,6.9,0.118,0.000302847,0.004523737
Ray Allen,SG,29,SEA,78,78,3064,640,1494,0.428,209,556,0.376,431,938,0.459,378,428,0.883,79,268,347,289,84,5,171,167,1867,20.9,0.555,0.498,0.286,0.372,3.2,10.7,6.9,18.1,1.5,0.1,9.2,28,117,112,9.7,1,10.7,0.168,0.012416717,0.008269957
Shaquille O'Neal,C,32,MIA,73,73,2492,658,1095,0.601,0,0,0,658,1095,0.601,353,765,0.461,253,507,760,200,36,171,203,262,1669,27,0.583,0.601,0.699,0,12.4,22.8,17.8,15.7,0.8,5,12.4,30.5,111,100,6.4,4.6,11,0.211,0.312537856,0.01566142
Shawn Marion,PF,26,PHO,81,81,3146,613,1289,0.476,114,  ,0.334,499,948,0.526,229,275,0.833,235,680,915,154,163,119,125,199,1569,21.7,0.556,0.52,0.213,0.265,8.4,22,15.5,7.5,2.6,2.5,8.1,21.3,116,101,7.3,5.2,12.5,0.191,0.000302847,0.00697221
Steve Nash,PG,30,PHO,75,75,2573,430,857,0.502,94,218,0.431,336,639,0.526,211,238,0.887,57,192,249,861,74,6,245,136,1165,22,0.606,0.557,0.278,0.254,2.5,7.6,5.2,49.2,1.4,0.2,20.3,20.5,123,111,9.7,1.2,10.9,0.203,0.322834646,0.004947837
Tim Duncan,PF,28,SAS,66,66,2203,517,1042,0.496,3,9,0.333,514,1033,0.498,305,455,0.67,202,530,732,179,45,174,127,144,1342,27,0.54,0.498,0.437,0.009,10.7,28.2,19.4,16.1,1.1,5.7,9.3,28.9,112,93,5.5,5.7,11.2,0.245,0.099333737,0.008063924
Tracy McGrady,SF,25,HOU,78,78,3182,715,1660,0.431,142,435,0.326,573,1225,0.468,431,557,0.774,71,413,484,448,135,52,201,167,2003,22.9,0.526,0.473,0.336,0.262,2.7,14.8,8.9,28.6,2.3,1.3,9.5,31.2,109,101,6.5,5.4,12,0.18,0.013325257,0.008191922
Vince Carter,SF,28,TOT,77,76,2828,696,1541,0.452,127,313,0.406,569,1228,0.463,367,460,0.798,106,295,401,327,109,48,168,243,1886,22.9,0.541,0.493,0.299,0.203,4.4,12.6,8.4,25.7,2.1,1.3,8.8,31.6,109,104,5.9,3.5,9.4,0.159,0.00090854,0.007116228
Allen Iverson,PG,30,PHI,72,72,3103,815,1822,0.447,72,223,0.323,743,1599,0.465,675,829,0.814,44,188,232,532,140,10,248,121,2377,25.9,0.543,0.467,0.455,0.122,1.7,7.1,4.4,34.9,2.3,0.2,10.2,35.8,111,110,8.8,1.8,10.6,0.165,0.000307692,0.008697511
Chauncey Billups,PG,29,DET,81,81,2925,423,1012,0.418,184,425,0.433,239,587,0.407,465,520,0.894,41,211,252,699,71,8,170,160,1495,23.4,0.602,0.509,0.514,0.42,1.6,8.7,5.1,39.3,1.3,0.2,12,22.9,127,107,12.7,2.8,15.5,0.254,0.132307692,0.00312406
Dirk Nowitzki,PF,27,DAL,81,81,3089,751,1564,0.48,110,271,0.406,641,1293,0.496,539,598,0.901,115,613,728,226,58,83,156,164,2151,28.1,0.589,0.515,0.382,0.173,4.6,23.4,14.2,14.7,1,2.1,7.9,30,123,103,13.5,4.3,17.7,0.275,0.167384615,0.00731782
Dwyane Wade,SG,24,MIA,75,75,2892,699,1413,0.495,13,76,0.171,686,1337,0.513,629,803,0.783,107,323,430,503,146,58,268,217,2040,27.6,0.577,0.499,0.568,0.054,4.5,12.6,8.7,33,2.6,1.5,13.2,32.5,115,103,10.2,4.2,14.4,0.239,0.026769231,0.001602745
Elton Brand,PF,26,LAC,79,79,3099,756,1435,0.527,1,3,0.333,755,1432,0.527,440,568,0.775,236,554,790,208,81,201,173,227,1953,26.5,0.58,0.527,0.396,0.002,9.3,19.9,14.8,13.1,1.4,4.9,9.3,27.7,116,100,9.3,5.5,14.8,0.229,0.015384615,0.006952459
Kobe Bryant,SG,27,LAL,80,80,3277,978,2173,0.45,180,518,0.347,798,1655,0.482,696,819,0.85,71,354,425,360,147,30,250,233,2832,28,0.559,0.491,0.377,0.238,2.6,12.7,7.6,24.1,2.4,0.7,9,38.7,114,105,11.6,3.7,15.3,0.224,0.148615385,0.008429896
LeBron James,SF,21,CLE,79,79,3361,875,1823,0.48,127,379,0.335,748,1444,0.518,601,814,0.738,75,481,556,521,123,66,260,181,2478,28.1,0.568,0.515,0.447,0.208,2.6,17.1,9.8,32.8,2,1.5,10.7,33.6,115,104,12,4.3,16.3,0.232,0.211692308,0.002443193
Shawn Marion,C,27,PHO,81,81,3263,716,1365,0.525,96,290,0.331,620,1075,0.577,241,298,0.809,249,710,959,143,160,137,125,223,1769,23.6,0.591,0.56,0.218,0.212,8.7,23.6,16.3,6.8,2.5,2.9,7.7,22.3,118,100,8.6,5.9,14.6,0.214,0.000307692,0.007242144
Steve Nash,PG,31,PHO,79,79,2796,541,1056,0.512,150,342,0.439,391,714,0.548,257,279,0.921,47,286,333,826,61,12,276,120,1489,23.3,0.632,0.583,0.264,0.324,1.9,11.1,6.6,44.4,1.1,0.3,19,23.3,121,109,10.3,2.1,12.4,0.212,0.284307692,0.005088003
Tim Duncan,PF,29,SAS,80,80,2784,574,1185,0.484,2,5,0.4,572,1180,0.485,335,533,0.629,231,650,881,253,70,162,198,219,1485,23.1,0.523,0.485,0.45,0.004,10.1,26.9,18.7,16.5,1.4,4.2,12.2,27.7,106,94,3.9,6.9,10.8,0.187,0.010153846,0.008376125
Tony Parker,PG,23,SAS,80,80,2715,623,1136,0.548,11,36,0.306,612,1100,0.556,253,358,0.707,38,223,261,460,83,4,249,161,1510,20.8,0.584,0.553,0.315,0.032,1.7,9.5,5.7,32.2,1.7,0.1,16.1,27.1,110,102,5.5,4.1,9.6,0.169,0.002769231,0.004440439
Amar'e Stoudemire,C,24,PHO,82,78,2689,607,1055,0.575,0,3,0,607,1052,0.577,457,585,0.781,222,564,786,84,78,110,232,295,1671,23.1,0.637,0.575,0.555,0.003,10.1,23.3,17,5,1.5,2.9,15,25.8,116,103,7.2,4,11.2,0.201,0.000596303,0.006439019
Baron Davis,PG,27,GSW,63,62,2221,452,1030,0.439,85,280,0.304,367,750,0.489,275,369,0.745,51,225,276,509,135,29,193,181,1264,21,0.53,0.48,0.358,0.272,2.5,11.3,6.8,36.9,2.9,1,13.9,26.5,109,106,4.1,2.3,6.4,0.139,0.000298151,0.007790929
Carlos Boozer,PF,25,UTA,74,74,2557,647,1154,0.561,0,0,NA,647,1154,0.561,255,372,0.685,235,632,867,221,70,21,194,217,1549,24.1,0.588,0.561,0.322,0,11.2,29.9,20.6,16.6,1.4,0.7,12.8,26.5,114,104,6.5,3.4,9.9,0.185,0.00208706,0.005821475
Carmelo Anthony,SF,22,DEN,65,65,2486,691,1453,0.476,40,149,0.268,651,1304,0.499,459,568,0.808,143,248,391,249,77,23,234,203,1881,22.1,0.552,0.489,0.391,0.103,6.6,11.1,8.9,19.2,1.5,0.7,12.1,33.4,109,108,5.2,2.1,7.3,0.14,0.000298151,0.002426738
Chauncey Billups,PG,30,DET,70,70,2533,348,815,0.427,109,316,0.345,239,499,0.479,386,437,0.883,23,214,237,502,84,17,140,161,1191,21.3,0.591,0.494,0.536,0.388,1.1,10,5.6,32.9,1.8,0.5,12.2,21.5,123,106,8.7,2.7,11.4,0.216,0.001192606,0.003290285
Chris Bosh,C,22,TOR,69,69,2658,543,1094,0.496,12,35,0.343,531,1059,0.501,463,590,0.785,186,555,741,175,39,90,179,163,1561,22.6,0.577,0.502,0.539,0.032,8.1,24.8,16.4,11.7,0.8,2.6,11.7,26.7,112,104,6.1,3.5,9.6,0.174,0.012820513,0.002189535
Dirk Nowitzki,PF,28,DAL,78,78,2820,673,1341,0.502,72,173,0.416,601,1168,0.515,498,551,0.904,122,571,693,263,52,62,167,171,1916,27.6,0.605,0.529,0.411,0.129,5.3,23.9,14.8,17.8,1,1.7,9.5,28.9,123,102,11.8,4.5,16.3,0.278,0.339296363,0.007807278
Dwyane Wade,SG,25,MIA,51,50,1931,472,962,0.491,21,79,0.266,451,883,0.511,432,535,0.807,51,188,239,384,107,62,216,117,1397,28.9,0.583,0.502,0.556,0.082,3.2,11.2,7.3,40.5,3,2.5,15.3,34.7,112,103,5.9,2.9,8.8,0.219,0.000894454,0.001985959
Gilbert Arenas,PG,25,WAS,74,73,2942,647,1548,0.418,205,584,0.351,442,964,0.459,606,718,0.844,61,277,338,443,139,13,236,249,2105,24,0.565,0.484,0.464,0.377,2.3,11.1,6.6,27.2,2.4,0.3,11.2,31.4,115,111,9.3,1.5,10.8,0.177,0.009242695,0.005736853
Kevin Garnett,PF,30,MIN,76,76,2995,638,1341,0.476,12,56,0.214,626,1285,0.487,416,498,0.835,183,792,975,313,89,126,205,184,1704,24.1,0.546,0.48,0.371,0.042,7.5,30.8,19.5,19.5,1.6,3.2,11.6,27.4,110,101,5.7,4.9,10.7,0.171,0.00208706,0.01085664
Kobe Bryant,SG,28,LAL,77,77,3140,813,1757,0.463,137,398,0.344,676,1359,0.497,667,768,0.868,75,364,439,413,111,36,255,205,2430,26.1,0.58,0.502,0.437,0.227,2.8,13.5,8.2,25.5,1.8,0.9,10.9,33.6,115,109,10.8,2.2,13,0.199,0.155336911,0.009160287
LeBron James,SF,22,CLE,78,78,3190,772,1621,0.476,99,310,0.319,673,1311,0.513,489,701,0.698,83,443,526,470,125,55,250,171,2132,24.5,0.552,0.507,0.432,0.191,3,16.6,9.6,29.1,2.1,1.3,11.5,31,112,100,8,5.7,13.7,0.206,0.054561717,0.003013022
Shaquille O'Neal,C,34,MIA,40,39,1135,283,479,0.591,0,0,NA,283,479,0.591,124,294,0.422,97,200,297,79,8,55,95,139,690,21.7,0.567,0.591,0.614,0,10.3,20.3,15.4,14.3,0.4,3.8,13.5,29.4,105,104,1.4,1.5,2.8,0.119,0.000894454,0.01033965
Steve Nash,PG,32,PHO,76,76,2682,517,971,0.532,156,343,0.455,361,628,0.575,222,247,0.899,30,239,269,884,57,6,287,117,1412,23.8,0.654,0.613,0.254,0.353,1.4,9.9,5.8,50.1,1.1,0.2,21,22.9,124,110,10.8,1.7,12.6,0.225,0.30202743,0.005428318
Tim Duncan,C,30,SAS,80,80,2726,618,1131,0.546,1,9,0.111,617,1122,0.55,362,568,0.637,213,633,846,273,66,190,224,203,1599,26.1,0.579,0.547,0.502,0.008,9.8,27,18.8,18.8,1.3,5.1,14,27.9,111,94,6.3,6.8,13,0.23,0.085271318,0.009010838
Tony Parker,PG,24,SAS,77,77,2499,570,1096,0.52,15,38,0.395,555,1058,0.525,274,350,0.783,34,216,250,420,82,6,191,137,1429,21.4,0.572,0.527,0.319,0.035,1.7,10,6,31.7,1.8,0.2,13.3,27.4,112,102,5.8,3.9,9.6,0.185,0.000298151,0.004885486
Tracy McGrady,SG,27,HOU,71,71,2539,638,1480,0.431,126,381,0.331,512,1099,0.466,345,488,0.707,56,322,378,458,92,36,213,136,1747,23.2,0.515,0.474,0.33,0.257,2.6,14.5,8.6,37.5,1.9,1.1,11.2,35,106,100,4.1,4.5,8.6,0.163,0.032796661,0.008737783
Amar'e Stoudemire,C,25,PHO,79,79,2677,714,1211,0.59,5,31,0.161,709,1180,0.601,556,691,0.805,178,541,719,118,64,163,174,294,1989,27.6,0.656,0.592,0.571,0.026,8.2,21.1,15.2,7.5,1.2,4,10.3,28.2,124,104,10.9,3.8,14.6,0.262,0.008241758,0.006695218
Antawn Jamison,PF,31,WAS,79,79,3061,618,1417,0.436,120,354,0.339,498,1063,0.468,333,438,0.76,215,591,806,120,106,34,113,195,1689,20.3,0.525,0.478,0.309,0.25,8,23.3,15.4,7.2,1.9,0.9,6.6,25.9,112,107,6,3.2,9.2,0.144,0.00030525,0.007958744
Carlos Boozer,PF,26,UTA,81,81,2827,709,1297,0.547,0,1,0,709,1296,0.547,290,393,0.738,197,647,844,233,100,41,210,293,1708,21.9,0.581,0.547,0.303,0.001,8.6,27.7,18.2,14.2,1.8,1.2,12.5,26.6,112,103,5.9,4.3,10.2,0.173,0.00030525,0.005477921
Carmelo Anthony,SF,23,DEN,77,77,2806,728,1481,0.492,58,164,0.354,670,1317,0.509,464,590,0.786,178,393,571,259,98,39,253,253,1978,21.1,0.568,0.511,0.398,0.111,7,14.9,11,16.1,1.7,1,12.7,30.2,109,107,5.2,3,8.2,0.14,0.000915751,0.006344216
Chris Paul,PG,22,NOH,80,80,3006,630,1291,0.488,92,249,0.369,538,1042,0.516,332,390,0.851,62,259,321,925,217,4,201,185,1684,28.3,0.576,0.524,0.302,0.193,2.4,10.3,6.2,52.2,3.9,0.1,12.1,25.7,125,103,13.2,4.6,17.8,0.284,0.271367521,0.001759067
Deron Williams,PG,23,UTA,82,82,3059,566,1117,0.507,83,210,0.395,483,907,0.533,330,411,0.803,34,209,243,862,90,23,279,200,1545,20.8,0.595,0.544,0.368,0.188,1.4,8.3,4.9,43.6,1.5,0.6,17.7,23.1,118,110,8.9,2.3,11.3,0.177,0.001221001,0.001951068
Dirk Nowitzki,PF,29,DAL,77,77,2769,630,1314,0.479,79,220,0.359,551,1094,0.504,478,544,0.879,95,564,659,266,51,71,160,198,1817,24.6,0.585,0.51,0.414,0.167,4.1,22.8,13.8,17.8,1,1.9,9.3,28.8,118,104,8.9,4,12.9,0.223,0.001526252,0.007958744
Dwight Howard,C,22,ORL,82,82,3088,583,974,0.599,0,4,0,583,970,0.601,529,897,0.59,279,882,1161,110,74,176,263,274,1695,22.9,0.619,0.599,0.921,0.004,10.9,31.6,21.7,6.1,1.2,4.2,16.1,24.2,113,99,6.4,6.4,12.9,0.2,0.018315018,0.002948646
Kevin Garnett,PF,31,BOS,71,71,2328,534,990,0.539,0,11,0,534,979,0.545,269,336,0.801,135,520,655,244,100,89,138,163,1337,25.3,0.588,0.539,0.339,0.011,7.3,25.1,16.8,19.9,2.3,3.1,10.8,25.5,118,94,6.6,6.2,12.9,0.265,0.204517705,0.01155373
Kobe Bryant,SG,29,LAL,82,82,3192,775,1690,0.459,150,415,0.361,625,1275,0.49,623,742,0.84,94,423,517,441,151,40,257,227,2323,24.2,0.576,0.503,0.439,0.246,3.4,14.1,9,23.9,2.4,0.9,11.3,31.4,115,105,9.5,4.3,13.8,0.208,0.337301587,0.009481662
LeBron James,SF,23,CLE,75,74,3027,794,1642,0.484,113,359,0.315,681,1283,0.531,549,771,0.712,133,459,592,539,138,81,255,165,2250,29.1,0.568,0.518,0.47,0.219,4.9,17.8,11.1,37.3,2.4,2.1,11.4,33.5,116,104,10.7,4.6,15.2,0.242,0.133699634,0.006344216
Manu Ginobili,SG,30,SAS,74,23,2299,453,984,0.46,156,389,0.401,297,595,0.499,380,442,0.86,63,291,354,332,109,33,200,173,1442,24.3,0.612,0.54,0.449,0.395,3.3,14.7,9.1,26.4,2.6,1.1,14.5,28.7,116,100,6.6,4.5,11.1,0.232,0.002747253,0.004417083
Paul Pierce,SF,30,BOS,80,80,2874,509,1098,0.464,143,365,0.392,366,733,0.499,409,485,0.843,53,358,411,363,101,36,221,200,1570,19.6,0.599,0.529,0.442,0.332,2.3,14,8.5,21.8,1.9,1,14.4,24.8,115,100,6.7,5.7,12.4,0.207,0.00030525,0.007958744
Rasheed Wallace,C,33,DET,77,76,2346,376,870,0.432,112,315,0.356,264,555,0.476,115,150,0.767,84,427,511,137,91,129,86,213,979,17.2,0.523,0.497,0.172,0.362,4.3,21.8,13,9.7,2.1,4.3,8.4,20.5,108,98,2.5,5.1,7.6,0.155,0.00030525,0.006100371
Steve Nash,PG,33,PHO,81,81,2780,485,962,0.504,179,381,0.47,306,581,0.527,222,245,0.906,28,254,282,898,53,5,295,113,1371,21.1,0.641,0.597,0.255,0.396,1.2,9.6,5.7,47.3,0.9,0.1,21.6,22,121,112,9,1.4,10.5,0.181,0.005494505,0.00553363
Tim Duncan,C,31,SAS,78,78,2651,585,1178,0.497,0,4,0,585,1174,0.498,338,463,0.73,237,644,881,218,56,152,178,185,1508,24.4,0.546,0.497,0.393,0.003,10.7,28.3,19.6,15.7,1.1,4.3,11.4,28.2,110,97,4.9,6.2,11.1,0.201,0.007631258,0.009249889
Tracy McGrady,SG,28,HOU,66,62,2440,548,1307,0.419,86,295,0.292,462,1012,0.457,245,358,0.684,42,297,339,387,68,30,160,91,1427,18.4,0.487,0.452,0.274,0.226,2,13.5,7.8,29.6,1.5,0.9,9.8,30.4,104,103,2,3.8,5.8,0.115,0.005799756,0.009249889
Brandon Roy,SG,24,POR,78,78,2903,633,1318,0.48,83,220,0.377,550,1098,0.501,416,505,0.824,104,266,370,400,88,22,152,127,1765,24,0.573,0.512,0.383,0.167,4.4,11.6,7.9,25.4,1.7,0.6,9,27.4,123,109,10.9,2.6,13.5,0.223,0.002225048,0.001434559
Chauncey Billups,PG,32,TOT,79,79,2789,410,980,0.418,162,397,0.408,248,583,0.425,418,458,0.913,32,207,239,506,93,18,177,161,1400,18.8,0.592,0.501,0.467,0.405,1.4,8.4,5,28.9,1.7,0.5,13,21.7,121,110,7.9,2.2,10.1,0.174,0.01048951,0.00513964
Chris Paul,PG,23,NOH,78,78,3002,631,1255,0.503,64,176,0.364,567,1079,0.525,455,524,0.868,69,363,432,861,216,10,231,212,1781,30,0.599,0.528,0.418,0.14,2.8,14.6,8.7,54.5,3.9,0.3,13.5,27.5,124,103,13.3,5,18.3,0.292,0.061029879,0.002127573
Dirk Nowitzki,PF,30,DAL,81,81,3050,774,1616,0.479,61,170,0.359,713,1446,0.493,485,545,0.89,88,593,681,197,61,63,157,176,2094,23.1,0.564,0.498,0.337,0.105,3.3,22.1,12.8,12.1,1,1.5,7.8,30.3,114,108,7.5,3.4,10.9,0.171,0.000953592,0.008408499
Dwight Howard,C,23,ORL,79,79,2821,560,979,0.572,0,2,0,560,977,0.573,504,849,0.594,336,757,1093,112,77,231,240,270,1624,25.4,0.6,0.572,0.867,0.002,13.8,29.5,21.8,7.3,1.4,5.9,15.1,26.1,113,95,6.2,7.6,13.8,0.234,0.104259377,0.0063992
Dwyane Wade,SG,27,MIA,79,79,3048,854,1739,0.491,88,278,0.317,766,1461,0.524,590,771,0.765,89,309,398,589,173,106,272,178,2386,30.4,0.574,0.516,0.443,0.16,3.5,12.2,7.8,40.3,3,2.8,11.6,36.2,115,105,10.3,4.4,14.7,0.232,0.216147489,0.006702732
Kobe Bryant,SG,30,LAL,82,82,2960,800,1712,0.467,118,336,0.351,682,1376,0.496,483,564,0.856,90,339,429,399,120,37,210,189,2201,24.4,0.561,0.502,0.329,0.196,3.5,12.8,8.2,23.8,2.1,1,9.7,32.2,115,106,8.6,4,12.7,0.206,0.22186904,0.009889736
LeBron James,SF,24,CLE,81,81,3054,789,1613,0.489,132,384,0.344,657,1229,0.535,594,762,0.78,106,507,613,587,137,93,241,139,2304,31.7,0.591,0.53,0.472,0.238,4.3,19,11.9,38,2.4,2.4,11,33.8,122,99,13.7,6.5,20.3,0.318,0.372536554,0.006702732
Paul Pierce,SF,31,BOS,81,81,3035,540,1181,0.457,119,304,0.391,421,877,0.48,459,553,0.83,56,401,457,294,80,27,228,215,1658,17.7,0.582,0.508,0.468,0.257,2.4,15.4,9.2,16.3,1.4,0.7,13.8,25.4,112,104,5.5,4.8,10.3,0.164,0.006675143,0.008408499
Tim Duncan,C,32,SAS,75,75,2524,558,1107,0.504,0,2,0,558,1105,0.505,334,483,0.692,201,599,800,264,38,126,165,173,1450,24.4,0.549,0.504,0.436,0.002,9.6,27.9,18.9,19.3,0.8,3.7,11.1,28.5,111,100,5,5,10.1,0.191,0.000635728,0.009580988
Tony Parker,PG,26,SAS,72,71,2456,639,1263,0.506,19,65,0.292,620,1198,0.518,284,363,0.782,27,196,223,496,67,4,186,110,1581,23.4,0.556,0.513,0.287,0.051,1.3,9.4,5.4,40.1,1.5,0.1,11.6,31.7,112,107,5.6,3,8.6,0.168,0.002860776,0.005372202
Yao Ming,C,28,HOU,77,77,2589,566,1032,0.548,1,1,1,565,1031,0.548,381,440,0.866,204,557,761,137,30,150,234,257,1514,22.7,0.618,0.549,0.426,0.001,9.6,24.1,17.1,10,0.6,4.2,16,26.2,114,101,5.6,5,10.6,0.196,0.000317864,0.007009701
Amar'e Stoudemire,PF,27,PHO,82,82,2838,704,1264,0.557,1,6,0.167,703,1258,0.559,487,632,0.771,230,502,732,82,52,83,213,281,1896,22.6,0.615,0.557,0.5,0.005,9.7,18.9,14.5,4.8,0.9,2.1,12.1,27.3,117,109,8.2,2.5,10.7,0.181,0.001563477,0.007793156
Carmelo Anthony,SF,25,DEN,69,69,2634,688,1502,0.458,59,187,0.316,629,1315,0.478,508,612,0.83,152,302,454,222,88,30,209,225,1943,22.2,0.548,0.478,0.407,0.125,6.7,13.1,9.9,15.9,1.7,0.9,10.6,33.4,110,109,5.6,2.4,7.9,0.145,0.020325203,0.007508418
Chauncey Billups,PG,33,DEN,73,73,2490,402,962,0.418,157,407,0.386,245,555,0.441,466,512,0.91,25,203,228,409,82,9,177,153,1427,20.2,0.601,0.499,0.532,0.423,1.2,9.3,5.3,26.1,1.7,0.3,13,24.3,120,110,7.7,1.7,9.5,0.182,0.000312695,0.005757438
Chris Bosh,C,25,TOR,70,70,2526,600,1158,0.518,8,22,0.364,592,1136,0.521,470,590,0.797,205,554,759,166,43,68,169,170,1678,25,0.592,0.522,0.509,0.019,9.9,25.2,17.7,11.5,0.9,2.1,10.7,28.7,117,111,7.9,1.7,9.6,0.182,0.000312695,0.007508418
Deron Williams,PG,25,UTA,76,76,2802,494,1053,0.469,96,259,0.371,398,794,0.501,335,418,0.801,50,253,303,798,96,16,252,208,1419,20.6,0.574,0.515,0.397,0.246,2.2,10.4,6.4,44.5,1.8,0.5,16.9,23.8,116,107,7.4,3,10.3,0.177,0.002188868,0.005863974
Dirk Nowitzki,PF,31,DAL,81,80,3039,720,1496,0.481,51,121,0.421,669,1375,0.487,536,586,0.915,80,540,620,218,70,79,149,208,2027,22.9,0.578,0.498,0.392,0.081,3.1,20.1,11.7,13,1.2,2,7.8,28.8,116,105,8.4,3.9,12.3,0.194,0.017198249,0.009419222
Dwight Howard,C,24,ORL,82,82,2843,510,834,0.612,0,7,0,510,827,0.617,483,816,0.592,284,798,1082,144,75,228,274,287,1503,24,0.63,0.612,0.978,0.008,12,31.3,22,8.7,1.4,6,18.7,23.9,113,95,6.1,7.1,13.2,0.223,0.149468418,0.007233716
Dwyane Wade,SG,28,MIA,77,77,2792,719,1511,0.476,73,243,0.3,646,1268,0.509,534,702,0.761,107,266,373,501,142,82,252,181,2045,28,0.562,0.5,0.465,0.161,4.5,11.1,7.8,36.4,2.7,2.4,12.2,34.9,113,103,8.5,4.6,13,0.224,0.037210757,0.007508418
Joe Johnson,SG,28,ATL,76,76,2886,635,1386,0.458,129,350,0.369,506,1036,0.488,220,269,0.818,74,279,353,369,82,5,145,145,1619,19.3,0.538,0.505,0.194,0.253,3,11.4,7.1,22,1.5,0.1,8.8,26.3,112,109,6,2.4,8.4,0.14,0.000312695,0.007126258
Kevin Durant,SF,21,OKC,82,82,3239,794,1668,0.476,128,351,0.365,666,1317,0.506,756,840,0.9,105,518,623,231,112,84,271,171,2472,26.2,0.607,0.514,0.504,0.21,3.8,17.9,11,13.5,1.8,1.9,11.7,32,118,104,11.1,5,16.1,0.238,0.19043152,0.002282458
Kobe Bryant,SG,31,LAL,73,73,2835,716,1569,0.456,99,301,0.329,617,1268,0.487,439,541,0.811,78,313,391,365,113,20,233,187,1970,21.9,0.545,0.488,0.345,0.192,3.1,12.2,7.7,23.8,2.1,0.5,11.4,32.3,109,104,5.4,4,9.4,0.16,0.187304565,0.01096025
LeBron James,SF,25,CLE,76,76,2966,768,1528,0.503,129,387,0.333,639,1141,0.56,593,773,0.767,71,483,554,651,125,77,261,119,2258,31.1,0.604,0.545,0.506,0.253,3,18.5,11.1,41.8,2.2,2,12.3,33.5,121,102,13.3,5.2,18.5,0.299,0.376797999,0.007508418
Manu Ginobili,SG,32,SAS,75,21,2150,398,903,0.441,132,350,0.377,266,553,0.481,309,355,0.87,68,216,284,370,103,24,154,154,1237,22.5,0.584,0.514,0.393,0.388,3.8,11.6,7.7,28.2,2.5,0.8,12.7,25.8,118,104,6.5,3.2,9.7,0.216,0.000938086,0.005104673
Stephen Jackson,SG,31,TOT,81,81,3129,600,1418,0.423,129,393,0.328,471,1025,0.46,338,434,0.779,78,323,401,300,132,43,259,197,1667,15.6,0.518,0.469,0.306,0.277,3,12.2,7.7,17.7,2.2,1.1,13.9,27.5,100,104,0.5,4.6,5,0.077,0.000312695,0.003640033
Steve Nash,PG,35,PHO,81,81,2660,499,985,0.507,124,291,0.426,375,694,0.54,211,225,0.938,34,234,268,892,42,12,295,108,1333,21.6,0.615,0.57,0.228,0.295,1.5,9.4,5.7,50.9,0.8,0.3,21.4,22.9,121,114,9.1,0.8,9.9,0.178,0.015322076,0.006245155
Amar'e Stoudemire,C,28,NYK,78,78,2870,744,1482,0.502,10,23,0.435,734,1459,0.503,473,597,0.792,198,438,636,202,71,150,250,274,1971,22.7,0.565,0.505,0.403,0.016,7.8,17.6,12.7,13.2,1.2,3.8,12.5,30.9,109,108,5.4,2.6,8,0.134,0.002860776,0.008187119
Blake Griffin,PF,21,LAC,82,82,3112,696,1376,0.506,7,24,0.292,689,1352,0.51,446,695,0.642,270,719,989,312,63,45,223,252,1845,21.9,0.549,0.508,0.505,0.017,10.2,26.9,18.6,18.7,1,1.1,11.7,27.3,111,107,6.5,3.4,9.8,0.152,0.00158932,0.002660382
Chris Paul,PG,25,NOH,80,80,2880,430,928,0.463,71,183,0.388,359,745,0.482,337,384,0.878,38,289,327,782,188,5,177,196,1268,23.7,0.578,0.502,0.414,0.197,1.6,12.3,6.9,45.8,3.5,0.1,13.9,21.1,122,103,9.5,4.4,13.9,0.232,0.000635728,0.007419161
Derrick Rose,PG,22,CHI,81,81,3026,711,1597,0.445,128,385,0.332,583,1212,0.481,476,555,0.858,81,249,330,623,85,51,278,136,2026,23.5,0.55,0.485,0.348,0.241,3.2,9.4,6.4,38.7,1.5,1.3,13.1,32.2,113,103,8.3,4.8,13.1,0.208,0.375715194,0.002754179
Dirk Nowitzki,PF,32,DAL,73,73,2504,610,1179,0.517,66,168,0.393,544,1011,0.538,395,443,0.892,50,463,513,190,38,47,137,172,1681,23.4,0.612,0.545,0.376,0.142,2.4,20.8,12,14.2,0.8,1.4,9.1,28.2,118,105,7.8,3.3,11.1,0.213,0.035918627,0.008580424
Dwight Howard,C,25,ORL,78,78,2935,619,1044,0.593,0,7,0,619,1037,0.597,546,916,0.596,309,789,1098,107,107,186,279,258,1784,26.1,0.616,0.593,0.877,0.007,12.6,30.6,21.8,6.8,1.9,4.9,16.2,27.2,113,94,6.7,7.7,14.4,0.235,0.204386523,0.008266857
Dwyane Wade,SG,29,MIA,76,76,2823,692,1384,0.5,63,206,0.306,629,1178,0.534,494,652,0.758,123,362,485,346,111,87,237,197,1941,25.6,0.581,0.523,0.471,0.149,5.5,14.4,10.2,23.5,2.1,2.4,12.4,31.6,114,102,8.1,4.7,12.8,0.218,0.007628735,0.007051607
Kevin Durant,SF,22,OKC,78,78,3038,711,1538,0.462,145,414,0.35,566,1124,0.504,594,675,0.88,57,476,533,214,88,76,218,159,2161,23.6,0.589,0.509,0.439,0.269,2.3,17.7,10.3,13.2,1.5,1.8,10.6,30.6,115,107,8.6,3.3,12,0.189,0.060394151,0.003006201
Kobe Bryant,SG,32,LAL,82,82,2779,740,1639,0.451,115,356,0.323,625,1283,0.487,483,583,0.828,83,336,419,388,99,12,243,172,2078,23.9,0.548,0.487,0.356,0.217,3.5,13.3,8.5,26.7,1.9,0.3,11.4,35.1,111,105,6.8,3.5,10.3,0.178,0.136045772,0.01231859
LeBron James,SF,26,MIA,79,79,3063,758,1485,0.51,92,279,0.33,666,1206,0.552,503,663,0.759,80,510,590,554,124,50,284,163,2111,27.3,0.594,0.541,0.446,0.188,3.3,18.7,11.4,34.9,2.1,1.3,13.8,31.5,116,102,10.3,5.3,15.6,0.244,0.165924984,0.007200584
Manu Ginobili,SG,33,SAS,80,79,2426,441,1018,0.433,154,441,0.349,287,577,0.497,357,410,0.871,42,253,295,393,123,28,174,163,1393,21.7,0.581,0.509,0.403,0.433,2.1,11.8,7.1,26.4,2.6,0.8,12.7,26,116,105,6.6,3.2,9.9,0.195,0.006357279,0.005886892
Rajon Rondo,PG,24,BOS,68,68,2527,318,670,0.475,10,43,0.233,308,627,0.491,75,132,0.568,87,210,297,760,153,11,234,120,721,17.1,0.495,0.482,0.197,0.064,4.5,9.7,7.2,47.1,3.2,0.3,24.3,18.3,104,100,1.8,4.8,6.6,0.126,0.00158932,0.004514474
Tony Parker,PG,28,SAS,78,78,2528,555,1069,0.519,25,70,0.357,530,999,0.531,233,303,0.769,30,208,238,513,90,3,200,135,1368,20.4,0.569,0.531,0.283,0.065,1.4,9.3,5.5,35.2,1.9,0.1,14.3,25.5,113,108,5.8,2.4,8.2,0.156,0.000953592,0.006703992