"","Player","totals.Rk","totals.Pos","totals.Age","totals.Tm","totals.G","totals.GS","totals.MP","totals.FG","totals.FGA","totals.FG.","totals.3P","totals.3PA","totals.3P.","totals.2P","totals.2PA","totals.2P.","totals.FT","totals.FTA","totals.FT.","totals.ORB","totals.DRB","totals.TRB","totals.AST","totals.STL","totals.BLK","totals.TOV","totals.PF","totals.PTS","advanced.PER","advanced.TS.","advanced.eFG.","advanced.FTr","advanced.3PAr","advanced.ORB.","advanced.DRB.","advanced.TRB.","advanced.AST.","advanced.STL.","advanced.BLK.","advanced.TOV.","advanced.USG.","advanced.ORtg","advanced.DRtg","advanced.OWS","advanced.DWS","advanced.WS","advanced.WS.48","First","Pts.Won"
"1","A.C. Green","148","PF",33,"TOT",83,73,2492,234,484,0.483,1,20,0.05,233,464,0.502,128,197,0.65,222,434,656,69,70,16,74,145,597,12.4,0.523,0.485,0.407,0.041,10.2,20.5,15.3,4.4,1.5,0.5,11.5,11.8,111,107,2.4,2.4,4.8,0.093,0,0
"2","Aaron McKie","252","SG",24,"TOT",83,11,1625,150,365,0.411,41,103,0.398,109,262,0.416,92,110,0.836,40,181,221,161,77,22,90,130,433,12.1,0.524,0.467,0.301,0.282,3.1,13.2,8.3,15.4,2.6,1.1,17.9,14.7,105,103,1,2.4,3.5,0.103,0,0
"3","Aaron Williams","420","PF-C",25,"TOT",33,1,563,85,148,0.574,0,1,0,85,147,0.578,33,49,0.673,62,81,143,15,16,29,32,72,203,16.4,0.599,0.574,0.331,0.007,12.6,16.9,14.7,4.7,1.5,3.9,15.9,16.6,111,109,0.7,0.4,1.1,0.098,0,0
"4","Acie Earl","109","C",26,"TOT",47,0,500,67,180,0.372,0,5,0,67,175,0.383,54,84,0.643,35,61,96,20,15,28,35,61,188,10.7,0.433,0.372,0.467,0.028,8,14.7,11.3,6.7,1.6,4.5,13.9,22.7,90,107,-0.5,0.5,0,-0.004,0,0
"5","Adam Keefe","195","C",26,"UTA",62,0,915,82,160,0.513,0,1,0,82,159,0.516,71,103,0.689,75,141,216,32,30,13,45,97,235,11.7,0.572,0.513,0.644,0.006,10.9,18.2,14.7,5,1.7,1.2,18,12.7,111,104,1,1.3,2.3,0.118,0,0
"6","Adrian Caldwell","56","PF",30,"TOT",45,0,569,40,92,0.435,0,2,0,40,90,0.444,21,50,0.42,58,109,167,12,16,8,28,87,101,7.5,0.443,0.435,0.543,0.022,10.7,21.6,16,3.1,1.4,1,19.7,10.6,92,109,-0.2,0.4,0.2,0.016,0,0
"7","Alan Henderson","166","PF",24,"ATL",30,0,501,77,162,0.475,0,0,NA,77,162,0.475,45,75,0.6,47,69,116,23,21,6,29,73,199,15,0.51,0.475,0.463,0,11.4,16.1,13.8,8.3,2.3,0.9,12.9,21.1,105,101,0.5,0.9,1.3,0.126,0,0
"8","Aleksandar Djordjevic","100","SG",29,"POR",8,0,61,8,16,0.5,5,7,0.714,3,9,0.333,4,5,0.8,1,4,5,5,0,0,5,3,25,12.5,0.687,0.656,0.313,0.438,2,7.6,4.9,13.1,0,0,21.6,17.1,116,111,0.1,0,0.1,0.114,0,0
"9","Allan Houston","174","SG",25,"NYK",81,81,2681,437,1032,0.423,148,384,0.385,289,648,0.446,175,218,0.803,43,197,240,179,41,18,167,233,1197,11.3,0.531,0.495,0.211,0.372,2,8.5,5.4,11.9,0.8,0.5,12.9,22.2,103,105,1.5,3.2,4.7,0.084,0,0
"10","Allen Iverson","179","PG",21,"PHI",76,74,3045,625,1504,0.416,155,455,0.341,470,1049,0.448,382,544,0.702,115,197,312,567,157,24,337,233,1787,18,0.513,0.467,0.362,0.303,4,7.2,5.6,33.6,2.6,0.6,16.2,28.9,104,112,3.1,1,4.1,0.065,63,986
"11","Alonzo Mourning","267","C",26,"MIA",66,65,2320,473,885,0.534,1,9,0.111,472,876,0.539,363,565,0.642,189,467,656,104,56,189,226,272,1310,21.6,0.578,0.535,0.638,0.01,9.8,23.4,16.8,8.8,1.3,6.3,16.6,27.5,106,95,2.8,5.6,8.4,0.174,52,957
"12","Alton Lister","217","C",38,"BOS",53,2,516,32,77,0.416,0,0,NA,32,77,0.416,23,31,0.742,66,102,168,13,8,14,30,95,87,7.8,0.48,0.416,0.403,0,13.7,24.6,18.7,3.6,0.8,2,24.9,10,98,110,0,0.3,0.3,0.028,0,0
"13","Amal McCaskill","245","C",23,"ORL",17,1,109,10,32,0.313,0,2,0,10,30,0.333,8,12,0.667,4,18,22,7,3,5,11,7,28,6.1,0.376,0.313,0.375,0.063,4.2,19.9,11.8,10.3,1.5,3.6,22.8,20.4,72,104,-0.3,0.2,-0.2,-0.086,0,0
"14","Andrew DeClercq","93","C",23,"GSW",71,1,1065,142,273,0.52,0,0,NA,142,273,0.52,91,151,0.603,122,176,298,32,33,27,76,229,375,12.5,0.552,0.52,0.553,0,13.6,19.7,16.6,4.9,1.6,1.9,18.3,17.4,105,109,0.8,0.7,1.6,0.07,0,0
"15","Andrew Lang","210","C",30,"MIL",52,52,1194,115,248,0.464,0,0,NA,115,248,0.464,44,61,0.721,94,184,278,25,26,47,39,140,274,10.8,0.498,0.464,0.246,0,9.7,18.8,14.2,3.2,1.2,2.9,12.4,12.2,106,107,0.7,1.2,1.9,0.076,0,0
"16","Anfernee Hardaway","156","PG",25,"ORL",59,59,2221,421,941,0.447,85,267,0.318,336,674,0.499,283,345,0.82,82,181,263,332,93,35,145,123,1210,21.4,0.554,0.493,0.367,0.284,4.2,9.8,6.9,28.5,2.3,1.2,11.7,25.7,115,107,5.8,2.2,8.1,0.175,0,0
"17","Anthony Goldwire","139","PG",25,"TOT",60,30,1188,131,330,0.397,64,153,0.418,67,177,0.379,61,78,0.782,12,72,84,219,33,2,76,104,387,12.1,0.531,0.494,0.236,0.464,1.2,7,4.1,29.1,1.5,0.1,17.3,17,109,113,1.4,0.3,1.7,0.067,0,0
"18","Anthony Mason","240","PF",30,"CHH",73,73,3143,433,825,0.525,1,3,0.333,432,822,0.526,319,428,0.745,186,643,829,414,76,33,165,202,1186,18.9,0.585,0.525,0.519,0.004,7.4,24,16,21.4,1.3,0.8,14,17.6,121,106,8,3.3,11.4,0.173,0,376
"19","Anthony Miller","255","PF",25,"ATL",1,0,14,0,5,0,0,0,NA,0,5,0,0,0,NA,2,5,7,0,0,0,0,2,0,-4.6,0,0,0,0,17.4,41.7,29.8,0,0,0,0,16.9,30,97,-0.1,0,-0.1,-0.195,0,0
"20","Anthony Peeler","297","SG",27,"VAN",72,57,2291,402,1011,0.398,128,343,0.373,274,668,0.41,109,133,0.82,54,193,247,256,105,17,157,168,1041,13.8,0.487,0.461,0.132,0.339,2.7,9.9,6.3,20.8,2.5,0.6,12.8,24.9,97,112,-0.3,0.8,0.6,0.012,0,0
"21","Antoine Carr","59","PF",35,"UTA",82,0,1460,252,522,0.483,0,3,0,252,519,0.486,99,127,0.78,60,135,195,74,24,63,75,214,603,12.1,0.522,0.483,0.243,0.006,5.5,10.9,8.3,8.2,0.9,3.6,11.5,20.8,103,106,0.8,1.6,2.4,0.079,0,0
"22","Antoine Walker","400","PF",20,"BOS",82,68,2970,576,1354,0.425,52,159,0.327,524,1195,0.438,231,366,0.631,288,453,741,262,105,53,230,271,1435,15.5,0.474,0.445,0.27,0.117,10.4,19,14.4,15.3,1.8,1.3,13.2,25.2,98,111,0,1.7,1.7,0.027,0,0
"23","Antonio Davis","86","PF",28,"IND",82,28,2335,308,641,0.48,1,14,0.071,307,627,0.49,241,362,0.666,190,408,598,65,42,84,141,260,858,13.8,0.536,0.481,0.565,0.022,9.9,20.5,15.3,4.8,1,2.9,15,18.6,105,103,1.7,3.4,5.2,0.106,0,0
"24","Antonio Harvey","162","PF",26,"SEA",6,0,26,5,11,0.455,0,0,NA,5,11,0.455,5,6,0.833,2,8,10,1,0,4,1,8,15,23.2,0.55,0.455,0.545,0,9.3,37,23.2,6.8,0,13.2,6.8,25.7,118,93,0.1,0.1,0.1,0.27,0,0
"25","Antonio Lang","211","PF",24,"CLE",64,1,843,68,162,0.42,0,6,0,68,156,0.436,35,48,0.729,52,75,127,33,33,30,50,111,171,8,0.467,0.42,0.296,0.037,7.9,11.8,9.8,6.5,2.3,3.2,21.4,13.8,90,101,-0.6,1.4,0.8,0.048,0,0
"26","Antonio McDyess","248","PF",22,"DEN",74,73,2565,536,1157,0.463,6,35,0.171,530,1122,0.472,274,387,0.708,155,382,537,106,62,126,199,276,1352,15.5,0.509,0.466,0.334,0.03,7,16.8,11.9,7.8,1.3,3.4,13,26.6,98,109,0,1.8,1.8,0.034,0,0
"27","Armen Gilliam","138","PF",32,"MIL",80,25,2050,246,522,0.471,0,0,NA,246,522,0.471,199,259,0.768,136,361,497,53,61,40,105,206,691,13.6,0.543,0.471,0.496,0,8.2,21.5,14.8,4.1,1.6,1.5,14.2,16.8,107,106,1.9,2.2,4.1,0.097,0,0
"28","Arvydas Sabonis","342","C",32,"POR",69,68,1762,328,658,0.498,49,132,0.371,279,526,0.53,223,287,0.777,114,433,547,146,63,84,151,203,928,21.8,0.592,0.536,0.436,0.201,7.9,28.3,18.4,14.6,1.9,3.7,16.1,23.9,113,97,3.7,3.9,7.5,0.205,0,0
"29","Ashraf Amaya","8","PF",25,"WSB",31,0,144,12,40,0.3,1,1,1,11,39,0.282,15,28,0.536,19,33,52,3,7,3,10,29,40,8.8,0.382,0.313,0.7,0.025,15.7,26.4,21.1,2.9,2.5,1.6,16,19.4,86,99,-0.2,0.3,0.1,0.019,0,0
"30","Avery Johnson","185","PG",31,"SAS",76,76,2472,327,685,0.477,6,26,0.231,321,659,0.487,140,203,0.69,32,115,147,513,96,15,146,158,800,15,0.517,0.482,0.296,0.038,1.5,5.8,3.6,35.5,2.1,0.5,15.9,17.3,110,115,3.4,0,3.4,0.066,0,0
"31","B.J. Armstrong","15","PG",29,"GSW",49,17,1020,148,327,0.453,25,90,0.278,123,237,0.519,68,79,0.861,7,67,74,126,25,2,53,56,389,12.9,0.538,0.491,0.242,0.275,0.8,7.8,4.3,20.3,1.3,0.2,12.8,18.1,110,116,1.4,-0.1,1.3,0.061,0,0
"32","Ben Davis","87","PF",24,"PHO",20,0,98,10,26,0.385,0,0,NA,10,26,0.385,9,20,0.45,12,15,27,0,4,1,3,16,29,9.4,0.417,0.385,0.769,0,14.4,17.8,16.1,0,2.1,0.8,7.9,17.4,96,107,0,0.1,0.1,0.037,0,0
"33","Ben Wallace","402","PF",22,"WSB",34,0,197,16,46,0.348,0,0,NA,16,46,0.348,6,20,0.3,25,33,58,2,8,11,18,27,38,6,0.347,0.348,0.435,0,15.1,19.3,17.2,1.4,2.1,4.2,24.7,16.6,72,101,-0.6,0.3,-0.2,-0.052,0,0
"34","Benoit Benjamin","26","C",32,"TOR",4,3,44,5,12,0.417,0,0,NA,5,12,0.417,3,4,0.75,3,6,9,1,1,0,2,5,13,8.9,0.472,0.417,0.333,0,7.8,16.5,12,3.7,1.2,0,12.7,16,99,110,0,0,0,0.033,0,0
"35","Bill Wennington","410","C",33,"CHI",61,19,783,118,237,0.498,0,2,0,118,235,0.502,44,53,0.83,46,83,129,41,10,11,31,132,280,11.2,0.538,0.498,0.224,0.008,6.7,11.8,9.3,7.7,0.7,1.1,10.6,16.6,113,106,1.1,0.9,2,0.124,0,0
"36","Billy Owens","291","SF",27,"SAC",66,56,1995,299,640,0.467,25,72,0.347,274,568,0.482,101,145,0.697,134,258,392,187,62,25,133,187,724,13.6,0.514,0.487,0.227,0.113,7.8,15.2,11.5,15.5,1.6,0.9,15.9,18.8,103,108,1.2,1.7,2.8,0.069,0,0
"37","Bimbo Coles","73","PG",28,"GSW",51,13,1183,122,314,0.389,30,102,0.294,92,212,0.434,37,49,0.755,39,79,118,149,35,7,59,96,311,9.5,0.463,0.436,0.156,0.325,3.9,7.9,5.9,19.4,1.5,0.5,15,14.9,102,115,0.4,0,0.5,0.019,0,0
"38","Bison Dele","96","C",27,"CHI",9,0,138,26,63,0.413,0,0,NA,26,63,0.413,11,15,0.733,14,19,33,12,3,5,11,20,63,13.7,0.453,0.413,0.238,0,11.6,15.3,13.5,13.5,1.2,2.7,13.6,26.1,98,102,0,0.2,0.2,0.073,0,0
"39","Blue Edwards","111","SF",31,"VAN",61,12,1439,182,458,0.397,25,89,0.281,157,369,0.425,89,109,0.817,49,140,189,114,38,20,81,135,478,10,0.472,0.425,0.238,0.194,3.9,11.5,7.6,13.5,1.4,1.1,13.8,18.9,96,114,-0.4,0.3,-0.1,-0.003,0,0
"40","Bo Outlaw","289","PF",25,"LAC",82,25,2195,254,417,0.609,0,8,0,254,409,0.621,117,232,0.504,174,280,454,157,94,142,107,227,625,16.3,0.602,0.609,0.556,0.019,8.9,15.4,12.1,11.3,2.3,5.1,17.1,12.7,116,104,3.2,2.8,6.1,0.133,0,0
"41","Bob Sura","384","SG",23,"CLE",82,23,2269,253,587,0.431,53,164,0.323,200,423,0.473,196,319,0.614,76,232,308,390,90,33,181,218,755,14.8,0.519,0.476,0.543,0.279,4.3,13.5,8.8,30.2,2.3,1.3,19.9,20,103,102,1.6,3.7,5.2,0.111,0,0
"42","Bobby Hurley","178","PG",25,"SAC",49,12,632,46,125,0.368,14,45,0.311,32,80,0.4,37,53,0.698,9,29,38,146,27,3,55,53,143,10.4,0.482,0.424,0.424,0.36,1.6,5.4,3.5,33.8,2.3,0.4,27.1,14.4,99,111,0.1,0.3,0.4,0.031,0,0
"43","Bobby Phills","302","SG",27,"CLE",69,65,2375,328,766,0.428,85,216,0.394,243,550,0.442,125,174,0.718,63,182,245,233,113,21,135,174,866,13.9,0.514,0.484,0.227,0.282,3.4,10.1,6.7,18.1,2.8,0.8,13.8,20.6,103,102,1.3,3.7,5,0.101,0,0
"44","Brad Lohaus","220","PF",32,"TOR",6,0,45,4,15,0.267,2,7,0.286,2,8,0.25,0,0,NA,1,6,7,1,1,0,1,6,10,2.4,0.333,0.333,0,0.467,2.5,16.1,9.1,3.5,1.2,0,6.3,15.9,78,110,-0.1,0,-0.1,-0.053,0,0
"45","Brent Barry","24","SG",25,"LAC",59,0,1094,155,379,0.409,56,173,0.324,99,206,0.481,76,93,0.817,30,80,110,154,51,15,76,88,442,15,0.526,0.483,0.245,0.456,3.1,8.9,5.9,23.1,2.5,1.1,15.3,20.3,107,109,1.2,0.9,2.1,0.09,0,0
"46","Brent Price","310","PG",28,"HOU",25,0,390,44,105,0.419,17,53,0.321,27,52,0.519,21,21,1,10,19,29,65,17,0,32,34,126,12,0.551,0.5,0.2,0.505,3.1,5.4,4.3,25.6,2.3,0,21.9,17.1,106,107,0.4,0.4,0.7,0.092,0,0
"47","Brent Scott","349","PF",25,"IND",16,0,55,8,17,0.471,0,0,NA,8,17,0.471,3,6,0.5,3,6,9,3,1,1,4,14,19,7,0.484,0.471,0.353,0,6.6,12.8,9.8,9.6,1,1.5,16.9,19.9,92,106,0,0.1,0,0.019,0,0
"48","Brett Szabo","385","C",28,"BOS",70,24,662,54,121,0.446,0,1,0,54,120,0.45,45,61,0.738,56,109,165,17,16,32,41,119,153,8.8,0.517,0.446,0.504,0.008,9,20.5,14.3,3.7,1.2,3.6,21.7,12.2,98,110,0,0.5,0.4,0.031,0,0
"49","Brian Evans","120","SF",23,"ORL",14,0,59,8,22,0.364,4,8,0.5,4,14,0.286,0,0,NA,1,7,8,7,1,2,2,6,20,11.7,0.455,0.455,0,0.364,1.9,14.3,8,20.5,0.9,2.6,8.3,18.7,103,107,0,0.1,0.1,0.07,0,0
"50","Brian Grant","141","PF",24,"SAC",24,15,607,91,207,0.44,0,0,NA,91,207,0.44,70,90,0.778,49,93,142,28,19,25,44,75,252,14.5,0.511,0.44,0.435,0,9.3,18.1,13.6,7.6,1.7,3.1,15.1,21.5,102,106,0.3,0.7,1,0.075,0,0
"51","Brian Shaw","356","PG",30,"ORL",77,31,1867,189,516,0.366,63,194,0.325,126,322,0.391,111,140,0.793,47,147,194,319,67,26,170,197,552,10.4,0.478,0.427,0.271,0.376,2.9,9.5,6.1,27.8,1.9,1.1,22.7,18.5,95,108,-0.6,1.7,1.1,0.029,0,0
"52","Brooks Thompson","389","PG",26,"TOT",67,6,1055,162,406,0.399,97,244,0.398,65,162,0.401,24,38,0.632,18,78,96,180,55,2,87,126,445,13.6,0.526,0.518,0.094,0.601,2,8.3,5.2,29.3,2.7,0.1,17.1,21.6,103,111,0.6,0.5,1.1,0.051,0,0
"53","Bruce Bowen","34","SF",25,"MIA",1,0,1,0,0,NA,0,0,NA,0,0,NA,0,0,NA,0,0,0,0,0,1,0,0,0,37.7,NA,NA,NA,NA,0,0,0,0,0,77.8,NA,0,NA,60,0,0,0,0.321,0,0
"54","Bryant Reeves","315","C",23,"VAN",75,75,2777,498,1025,0.486,1,11,0.091,497,1014,0.49,216,307,0.704,174,436,610,160,29,67,175,270,1213,14.4,0.523,0.486,0.3,0.011,7.2,18.5,12.8,10.8,0.6,1.8,13.1,22.3,102,112,1.4,1,2.4,0.042,0,0
"55","Bryant Stith","377","SG",26,"DEN",52,52,1788,251,603,0.416,70,182,0.385,181,421,0.43,202,234,0.863,74,143,217,133,60,20,101,119,774,14.4,0.548,0.474,0.388,0.302,4.8,9,6.9,12.5,1.7,0.8,12.5,20.2,110,113,2.5,0.5,3,0.08,0,0
"56","Bryon Russell","341","SF",26,"UTA",81,81,2525,297,620,0.479,108,264,0.409,189,356,0.531,171,244,0.701,79,252,331,123,129,27,94,237,873,13.7,0.6,0.566,0.394,0.426,4.1,11.8,8.2,7.3,2.7,0.9,11.4,15.1,116,104,3.9,3.4,7.4,0.14,0,0
"57","Buck Williams","421","PF",36,"NYK",74,4,1496,175,326,0.537,0,1,0,175,325,0.538,115,179,0.642,166,231,397,53,40,38,79,204,465,13.9,0.574,0.537,0.549,0.003,13.8,17.9,15.9,5.8,1.4,2.1,16.3,14.9,113,100,2.1,2.8,4.8,0.155,0,0
"58","Byron Scott","350","SG",35,"LAL",79,8,1440,163,379,0.43,73,188,0.388,90,191,0.471,127,151,0.841,21,97,118,99,46,16,53,72,526,13.5,0.59,0.526,0.398,0.496,1.7,7.6,4.7,10.7,1.7,0.8,10.6,15.5,120,108,2.8,1.3,4.1,0.137,0,0
"59","Calbert Cheaney","67","SG",25,"WSB",79,79,2411,369,730,0.505,4,30,0.133,365,700,0.521,95,137,0.693,70,198,268,114,77,18,94,226,837,11.1,0.53,0.508,0.188,0.041,3.4,9.5,6.5,7.2,1.7,0.6,10.6,16.5,105,108,1.6,2.2,3.9,0.077,0,0
"60","Carl Herrera","168","PF",30,"SAS",75,58,1837,257,593,0.433,2,6,0.333,255,587,0.434,81,118,0.686,118,222,340,50,62,53,95,217,597,10.6,0.463,0.435,0.199,0.01,7.4,15,11.1,4.7,1.9,2.3,12.8,18.7,94,111,-0.8,0.9,0.1,0.002,0,0
"61","Carl Thomas","387","SG",27,"CLE",19,0,77,9,24,0.375,2,12,0.167,7,12,0.583,1,1,1,3,10,13,8,2,1,6,7,21,8.5,0.43,0.417,0.042,0.5,5,17.2,11,18.4,1.5,1.2,19.7,19.8,86,103,-0.1,0.1,0,0.004,0,0
"62","Carlos Rogers","333","PF",25,"TOR",56,3,1397,212,404,0.525,25,66,0.379,187,338,0.553,102,170,0.6,120,184,304,37,42,69,53,140,551,17,0.575,0.556,0.421,0.163,9.8,15.9,12.7,4.6,1.6,3.9,10,17,117,107,2.6,1.4,4,0.138,0,0
"63","Cedric Ceballos","64","SF",27,"TOT",50,40,1426,282,617,0.457,26,102,0.255,256,515,0.497,139,186,0.747,102,228,330,64,33,23,85,113,729,16.2,0.522,0.478,0.301,0.165,8.4,18.5,13.5,7.6,1.2,1.2,10.8,24.7,104,108,1.1,1.3,2.4,0.082,0,0
"64","Charles Barkley","22","PF",33,"HOU",53,53,2009,335,692,0.484,58,205,0.283,277,487,0.569,288,415,0.694,212,504,716,248,69,25,151,153,1016,23,0.581,0.526,0.6,0.296,12.9,27.7,20.7,20.6,1.8,0.9,14.7,23.2,117,100,5.7,3.7,9.4,0.224,0,238
"65","Charles Jones","190","PF",39,"HOU",12,0,93,2,5,0.4,0,0,NA,2,5,0.4,0,0,NA,5,8,13,3,2,4,0,8,4,6.3,0.4,0.4,0,0,6.6,9.5,8.1,4.3,1.1,3.2,0,2.4,136,106,0.1,0.1,0.2,0.09,0,0
"66","Charles Oakley","285","PF",33,"NYK",80,80,2873,339,694,0.488,5,19,0.263,334,675,0.495,181,224,0.808,246,535,781,221,111,21,171,305,864,14.2,0.545,0.492,0.323,0.027,10.6,21.6,16.3,12.7,2,0.6,17.7,15.4,109,99,3.1,5.8,8.9,0.149,0,0
"67","Charles Smith","360","PF",31,"SAS",19,7,329,34,84,0.405,0,1,0,34,83,0.41,20,26,0.769,18,47,65,14,13,22,22,44,88,10.6,0.461,0.405,0.31,0.012,6.3,17.7,11.8,6.9,2.2,5.3,18.7,16.6,90,108,-0.3,0.3,0,0.003,0,0
"68","Charlie Ward","406","PG",26,"NYK",79,21,1763,133,337,0.395,48,154,0.312,85,183,0.464,95,125,0.76,45,175,220,326,83,15,147,188,409,11.1,0.522,0.466,0.371,0.457,3.2,11.5,7.5,28.4,2.5,0.7,27.3,14.1,101,101,0.6,3.1,3.6,0.099,0,0
"69","Cherokee Parks","295","PF",24,"MIN",76,0,961,103,202,0.51,0,1,0,103,201,0.512,46,76,0.605,83,112,195,34,41,48,32,150,252,12.7,0.535,0.51,0.376,0.005,10.3,13.7,12,5.6,2.3,3.8,12,12.7,111,105,1,1.2,2.2,0.112,0,0
"70","Chris Carr","60","SG",22,"MIN",55,10,830,125,271,0.461,31,88,0.352,94,183,0.514,56,73,0.767,31,82,113,48,24,10,37,93,337,13.3,0.556,0.518,0.269,0.325,4.4,11.6,8,9.8,1.5,0.9,10.9,18.8,110,109,1,0.6,1.7,0.096,0,0
"71","Chris Childs","70","PG",29,"NYK",65,61,2076,211,510,0.414,70,181,0.387,141,329,0.429,113,149,0.758,22,169,191,398,78,11,180,213,605,11.2,0.526,0.482,0.292,0.355,1.3,9.4,5.5,30.7,2,0.4,23.8,16.8,102,103,0.8,3.2,3.9,0.091,0,0
"72","Chris Dudley","106","C",31,"POR",81,14,1840,126,293,0.43,0,0,NA,126,293,0.43,65,137,0.474,204,389,593,41,39,96,80,247,317,10.1,0.449,0.43,0.468,0,13.5,24.4,19.1,3.2,1.1,4,18.5,10.6,98,100,0,3.4,3.5,0.091,0,0
"73","Chris Gatling","134","PF",29,"TOT",47,1,1283,327,623,0.525,1,6,0.167,326,617,0.528,236,329,0.717,134,236,370,28,39,31,120,138,891,23.9,0.58,0.526,0.528,0.01,11.9,21.7,16.7,4.7,1.6,1.9,13.5,31.7,108,106,2.4,1.5,3.9,0.145,0,0
"74","Chris Jent","184","SF",27,"NYK",3,0,10,2,6,0.333,2,3,0.667,0,3,0,0,0,NA,1,0,1,1,0,0,0,2,6,16,0.5,0.5,0,0.5,12.4,0,6,19,0,0,0,27.6,120,110,0,0,0,0.194,0,0
"75","Chris Mills","258","SF",27,"CLE",80,79,3167,405,894,0.453,86,220,0.391,319,674,0.473,176,209,0.842,118,379,497,198,86,41,120,222,1072,14.1,0.544,0.501,0.234,0.246,4.8,15.8,10.2,11.3,1.6,1.2,10.9,17.5,111,103,4.1,4.7,8.9,0.134,0,0
"76","Chris Morris","265","SF",31,"UTA",73,1,977,122,299,0.408,31,113,0.274,91,186,0.489,39,54,0.722,37,125,162,43,29,24,45,121,314,9.7,0.486,0.46,0.181,0.378,5,15.1,10.3,6.6,1.6,2.1,12.2,17.5,97,104,-0.1,1.3,1.2,0.059,0,0
"77","Chris Mullin","268","SF",33,"GSW",79,63,2733,438,792,0.553,83,202,0.411,355,590,0.602,184,213,0.864,75,242,317,322,130,33,192,155,1143,17.6,0.645,0.605,0.269,0.255,3.3,10.5,6.9,19.9,2.5,0.9,17.8,17.6,118,112,6,1.1,7.1,0.124,0,0
"78","Chris Robinson","325","SG",22,"VAN",41,6,681,69,182,0.379,34,89,0.382,35,93,0.376,16,26,0.615,23,48,71,65,28,9,34,85,188,9.4,0.486,0.473,0.143,0.489,3.9,8.3,6.1,15.6,2.2,1,14.9,15.5,99,113,0,0.2,0.2,0.017,0,0
"79","Chris Webber","409","PF",23,"WSB",72,72,2806,604,1167,0.518,60,151,0.397,544,1016,0.535,177,313,0.565,238,505,743,331,122,137,230,258,1445,21.8,0.554,0.543,0.268,0.129,10.1,20.8,15.5,19.9,2.3,3.7,15,24.6,108,101,4.3,5,9.3,0.159,0,0
"80","Chris Whitney","417","PG",25,"WSB",82,1,1117,139,330,0.421,58,163,0.356,81,167,0.485,94,113,0.832,13,91,104,182,49,4,68,100,430,15.2,0.566,0.509,0.342,0.494,1.4,9.4,5.4,23.8,2.3,0.3,15.2,18,114,106,2,1.2,3.2,0.137,0,0
"81","Christian Laettner","209","PF",27,"ATL",82,82,3140,548,1128,0.486,31,88,0.352,517,1040,0.497,359,440,0.816,212,508,720,223,102,64,218,277,1486,19.1,0.562,0.5,0.39,0.078,8.2,18.9,13.7,13.3,1.8,1.6,14.2,23.1,112,101,6.1,5.4,11.6,0.177,0,0
"82","Chucky Brown","41","SF",28,"TOT",70,1,757,78,154,0.506,1,6,0.167,77,148,0.52,47,70,0.671,41,107,148,28,9,22,19,100,204,11.3,0.552,0.51,0.455,0.039,6.6,17.1,11.9,5.7,0.6,2.2,9.3,12.4,116,109,1,0.6,1.6,0.101,0,0
"83","Clarence Weatherspoon","408","SF",26,"PHI",82,82,2949,398,811,0.491,1,6,0.167,397,805,0.493,206,279,0.738,219,460,679,140,74,86,137,187,1003,14.2,0.537,0.491,0.344,0.007,7.9,17.4,12.5,7.6,1.3,2.1,12.8,15.3,111,111,3.4,1.6,5,0.081,0,0
"84","Clifford Robinson","326","SF",30,"POR",81,79,3077,444,1043,0.426,121,350,0.346,323,693,0.466,215,309,0.696,90,231,321,261,99,66,172,251,1224,13.1,0.519,0.484,0.296,0.336,3.6,8.7,6.2,13.9,1.7,1.7,12.7,19.8,106,105,2.9,3.7,6.6,0.103,0,0
"85","Clifford Rozier","340","C",24,"TOT",42,29,737,79,174,0.454,0,2,0,79,172,0.459,31,61,0.508,102,132,234,31,24,44,29,97,189,14.5,0.471,0.454,0.351,0.011,15.7,21.6,18.6,6.8,1.7,4.8,12.6,14,107,104,0.6,1,1.6,0.102,0,0
"86","Clyde Drexler","103","SG",34,"HOU",62,62,2271,397,899,0.442,119,335,0.355,278,564,0.493,201,268,0.75,118,255,373,354,119,36,156,151,1114,19.9,0.548,0.508,0.298,0.373,6.3,12.4,9.5,26.4,2.7,1.2,13.3,23.5,113,103,4.8,3.4,8.1,0.172,0,0
"87","Corie Blount","30","PF",28,"LAL",58,18,1009,92,179,0.514,1,3,0.333,91,176,0.517,56,83,0.675,113,163,276,35,22,26,50,121,241,11.9,0.559,0.517,0.464,0.017,12.9,18.3,15.6,5.2,1.1,2,18.8,11.8,112,104,1.1,1.4,2.5,0.117,0,0
"88","Corliss Williamson","432","SF",23,"SAC",79,31,1992,371,745,0.498,0,3,0,371,742,0.5,173,251,0.689,139,187,326,124,60,49,157,263,915,14.3,0.535,0.498,0.337,0.004,8.1,11.1,9.5,10.9,1.6,1.9,15.5,22.8,103,109,1.2,1.5,2.7,0.064,0,0
"89","Cory Alexander","4","PG",23,"SAS",80,6,1454,194,490,0.396,94,252,0.373,100,238,0.42,95,129,0.736,29,94,123,254,82,16,146,148,577,14.3,0.528,0.492,0.263,0.514,2.3,8,5.1,30,3.1,0.9,21.1,22.2,101,112,0.5,0.6,1.1,0.035,0,0
"90","Craig Ehlo","113","SG",35,"SEA",62,0,848,87,248,0.351,27,95,0.284,60,153,0.392,13,26,0.5,39,71,110,68,36,4,45,71,214,7.6,0.412,0.405,0.105,0.383,5.6,10.1,7.8,12.3,2.3,0.4,14.8,16.4,90,105,-0.7,1,0.3,0.018,0,0
"91","Cuonzo Martin","237","SG",25,"MIL",3,0,13,0,7,0,0,2,0,0,5,0,0,0,NA,1,0,1,1,0,0,1,1,0,-19.9,0,0,0,0.286,9.5,0,4.7,10.2,0,0,12.5,28.5,17,117,-0.2,0,-0.2,-0.621,0,0
"92","Dale Davis","88","PF",27,"IND",80,76,2589,370,688,0.538,0,0,NA,370,688,0.538,92,215,0.428,301,471,772,59,60,77,108,233,832,15.1,0.532,0.538,0.313,0,14.1,21.4,17.8,4,1.2,2.4,12.1,15.9,109,103,2.7,4,6.7,0.124,0,0
"93","Dale Ellis","117","SF",36,"DEN",82,51,2940,477,1151,0.414,192,528,0.364,285,623,0.457,215,263,0.817,99,194,293,165,60,7,146,178,1361,12.9,0.537,0.498,0.228,0.459,3.9,7.4,5.7,9.8,1.1,0.2,10.3,21.5,107,115,3.2,0,3.1,0.051,0,0
"94","Damon Stoudamire","379","PG",23,"TOR",81,81,3311,564,1407,0.401,176,496,0.355,388,911,0.426,330,401,0.823,86,244,330,709,123,13,288,162,1634,18.1,0.516,0.463,0.285,0.353,3,8.9,5.8,38.2,2,0.3,15.4,25.3,109,111,5.8,1.8,7.6,0.11,0,0
"95","Dan Majerle","228","SF",31,"MIA",36,26,1264,141,347,0.406,68,201,0.338,73,146,0.5,40,59,0.678,45,117,162,116,54,14,50,75,390,13.2,0.523,0.504,0.17,0.579,4.3,10.8,7.6,15.3,2.3,0.9,11.8,15.7,110,101,1.4,2.1,3.5,0.133,0,0
"96","Dana Barros","23","PG",29,"BOS",24,8,708,110,253,0.435,43,105,0.41,67,148,0.453,37,43,0.86,5,43,48,81,26,6,39,34,300,14,0.552,0.52,0.17,0.415,0.8,7.6,3.9,18.6,1.8,0.6,12.5,18.8,109,114,0.9,0.1,1,0.065,0,0
"97","Danny Ferry","124","PF",30,"CLE",82,48,2633,341,794,0.429,114,284,0.401,227,510,0.445,74,87,0.851,82,255,337,151,56,32,94,245,870,11.7,0.523,0.501,0.11,0.358,4,12.8,8.3,10.4,1.2,1.1,10.1,17.6,106,105,2.2,3.4,5.6,0.102,0,0
"98","Danny Manning","231","PF",30,"PHO",77,17,2134,426,795,0.536,7,36,0.194,419,759,0.552,181,251,0.721,137,332,469,173,81,74,161,268,1040,17.9,0.574,0.54,0.316,0.045,7.5,18,12.8,13.7,2,2.6,15.1,22.5,108,106,2.8,2.4,5.2,0.117,0,0
"99","Danny Schayes","345","PF",37,"ORL",45,6,540,47,120,0.392,0,1,0,47,119,0.395,39,52,0.75,41,84,125,14,15,16,27,74,133,9.3,0.465,0.392,0.433,0.008,8.7,18.7,13.6,4.1,1.5,2.3,15.9,14.5,96,104,-0.1,0.7,0.6,0.055,0,0
"100","Darrell Armstrong","16","PG",28,"ORL",67,0,1010,132,345,0.383,55,181,0.304,77,164,0.47,92,106,0.868,35,41,76,175,61,9,99,114,411,14.7,0.525,0.462,0.307,0.525,4,4.9,4.4,29.7,3.3,0.7,20.2,22.4,103,107,0.7,1.1,1.8,0.085,0,0
"101","Darrick Martin","238","PG",25,"LAC",82,64,1820,292,718,0.407,91,234,0.389,201,484,0.415,218,250,0.872,26,87,113,339,57,2,127,165,893,16.9,0.539,0.47,0.348,0.326,1.6,5.8,3.6,31.6,1.6,0.1,13.3,23.4,113,112,3.9,0.7,4.6,0.121,0,0
"102","Darrin Hancock","155","SF",25,"TOT",24,0,133,16,35,0.457,0,0,NA,16,35,0.457,10,14,0.714,4,14,18,12,9,1,11,15,42,11.9,0.51,0.457,0.4,0,3.7,12.4,8.1,15,3.7,0.6,21.1,18.4,95,102,0,0.2,0.2,0.062,0,0
"103","Darvin Ham","152","SF",23,"TOT",36,3,318,33,62,0.532,0,0,NA,33,62,0.532,17,35,0.486,29,27,56,14,9,8,22,57,83,8.5,0.536,0.532,0.565,0,10.5,9.6,10,6.9,1.5,1.7,22.1,14,98,112,0,0.1,0.1,0.018,0,0
"104","David Robinson","327","C",31,"SAS",6,6,147,36,72,0.5,0,0,NA,36,72,0.5,34,52,0.654,19,32,51,8,6,6,8,9,106,31,0.559,0.5,0.722,0,15,27,20.8,11.5,2.2,3.3,7.8,32.6,117,106,0.5,0.2,0.7,0.227,0,0
"105","David Vaughn","397","PF",23,"ORL",35,6,298,31,72,0.431,0,0,NA,31,72,0.431,19,30,0.633,35,60,95,7,8,15,29,43,81,10.3,0.475,0.431,0.417,0,13.4,24.2,18.7,3.8,1.5,3.9,25.4,17.7,87,102,-0.4,0.5,0.1,0.019,0,0
"106","David Wesley","412","PG",26,"BOS",74,73,2991,456,974,0.468,103,286,0.36,353,688,0.513,225,288,0.781,67,197,264,537,162,13,211,221,1240,16.5,0.563,0.521,0.296,0.294,2.4,8.2,5.1,29.1,2.7,0.3,16.1,18.8,112,112,5,1.1,6.1,0.097,0,0
"107","David Wingate","434","SG",33,"SEA",65,2,929,89,214,0.416,25,71,0.352,64,143,0.448,33,40,0.825,23,51,74,80,44,5,37,108,236,9.3,0.509,0.474,0.187,0.332,3,6.6,4.8,13,2.5,0.5,13.8,13.2,106,106,0.6,1.1,1.7,0.087,0,0
"108","David Wood","437","PF",32,"MIL",46,0,240,20,38,0.526,5,15,0.333,15,23,0.652,12,18,0.667,5,22,27,13,7,6,6,36,57,10.2,0.621,0.592,0.474,0.395,2.6,11.2,6.9,8.1,1.6,1.9,11.6,10,123,109,0.4,0.2,0.5,0.11,0,0
"109","Dean Garrett","133","C",30,"MIN",68,47,1665,223,389,0.573,0,0,NA,223,389,0.573,96,138,0.696,149,346,495,38,40,95,34,158,542,17.7,0.603,0.573,0.355,0,10.7,24.4,17.6,3.8,1.3,4.3,7,13.3,126,103,3.7,2.5,6.2,0.179,0,0
"110","Dee Brown","42","PG",28,"BOS",21,2,522,61,166,0.367,20,65,0.308,41,101,0.406,18,22,0.818,8,40,48,67,31,7,24,45,160,11.3,0.455,0.428,0.133,0.392,1.6,9.6,5.3,19.6,3,1,12,16.4,99,111,0.1,0.3,0.3,0.03,0,0
"111","Dell Curry","80","SG",32,"CHH",68,20,2078,384,836,0.459,126,296,0.426,258,540,0.478,114,142,0.803,40,171,211,118,60,14,93,147,1008,15,0.561,0.535,0.17,0.354,2.4,9.7,6.1,10,1.6,0.5,9.4,22.5,109,111,2.8,1,3.8,0.089,0,0
"112","Dell Demps","98","SG",26,"ORL",2,0,10,0,3,0,0,1,0,0,2,0,2,2,1,0,0,0,0,1,0,0,1,2,1.9,0.258,0,0.667,0.333,0,0,0,0,5.4,0,0,17.9,67,104,0,0,0,-0.07,0,0
"113","Dennis Rodman","331","PF",35,"CHI",55,54,1947,128,286,0.448,5,19,0.263,123,267,0.461,50,88,0.568,320,563,883,170,32,19,111,172,311,13.9,0.479,0.456,0.308,0.066,18.9,32.2,25.6,11.4,0.9,0.7,25.5,10,111,98,2,4,6,0.148,0,0
"114","Dennis Scott","351","SF",28,"ORL",66,62,2166,298,749,0.398,147,373,0.394,151,376,0.402,80,101,0.792,40,163,203,139,74,19,81,138,823,12.4,0.519,0.496,0.135,0.498,2.1,9.1,5.5,11.1,1.9,0.7,9.3,18.6,107,108,2,1.8,3.8,0.084,0,0
"115","Derek Fisher","127","PG",22,"LAL",80,3,921,104,262,0.397,22,73,0.301,82,189,0.434,79,120,0.658,25,72,97,119,41,5,71,87,309,11,0.491,0.439,0.458,0.279,3.1,8.8,6,20.1,2.3,0.4,18.4,18.8,98,106,0,1,1.1,0.056,0,0
"116","Derek Harper","158","PG",35,"DAL",75,29,2210,299,674,0.444,60,176,0.341,239,498,0.48,95,128,0.742,30,107,137,321,92,12,132,144,753,12.9,0.516,0.488,0.19,0.261,1.6,5.7,3.6,25.3,2.2,0.4,15.3,17.9,104,111,1.5,1.2,2.7,0.058,0,0
"117","Derek Strong","383","PF",28,"ORL",82,21,2004,262,586,0.447,0,13,0,262,573,0.457,175,218,0.803,174,345,519,73,47,20,102,196,699,13.6,0.513,0.447,0.372,0.022,9.9,20.7,15.2,6.2,1.3,0.8,13,18,106,105,1.7,2.4,4.1,0.099,0,0
"118","Derrick Alston","7","C",24,"ATL",2,0,11,0,5,0,0,0,NA,0,5,0,0,2,0,3,1,4,0,0,0,0,0,0,-9,0,0,0.4,0,33.3,10.6,21.7,0,0,0,0,25.2,35,109,-0.1,0,-0.1,-0.415,0,0
"119","Derrick Coleman","72","PF",29,"PHI",57,54,2102,364,836,0.435,32,119,0.269,332,717,0.463,272,365,0.745,157,416,573,193,50,75,184,164,1032,17.3,0.518,0.455,0.437,0.142,7.9,22.1,14.9,15.7,1.2,2.6,15.6,23.7,104,109,1.8,1.6,3.3,0.076,0,0
"120","Derrick McKey","251","SF",30,"IND",50,49,1449,148,379,0.391,15,58,0.259,133,321,0.414,89,123,0.724,80,161,241,135,47,30,83,141,400,10.6,0.462,0.41,0.325,0.153,6.7,13,9.9,15.2,1.7,1.7,16.1,16.5,98,105,0,1.8,1.8,0.061,0,0
"121","Detlef Schrempf","348","SF",34,"SEA",61,60,2192,356,724,0.492,57,161,0.354,299,563,0.531,253,316,0.801,87,307,394,266,63,16,150,151,1022,18.3,0.592,0.531,0.436,0.222,4.8,16.9,10.9,20.4,1.5,0.6,14.8,21.1,116,104,5.1,2.9,8,0.174,0,0
"122","Devin Gray","145","PF",24,"TOT",6,0,49,8,26,0.308,0,0,NA,8,26,0.308,2,5,0.4,6,8,14,2,4,0,5,11,18,4.6,0.319,0.308,0.192,0,14.2,19.5,16.8,6.4,4.4,0,15.1,31.1,70,103,-0.3,0.1,-0.2,-0.179,0,0
"123","Dexter Boney","32","SG",26,"PHO",8,0,48,6,19,0.316,1,6,0.167,5,13,0.385,6,8,0.75,3,3,6,0,2,1,1,3,19,10.2,0.422,0.342,0.421,0.316,7.3,7.2,7.3,0,2.1,1.5,4.3,22.1,95,110,0,0,0,0.013,0,0
"124","Dickey Simpkins","358","PF",24,"CHI",48,0,395,31,93,0.333,1,4,0.25,30,89,0.337,28,40,0.7,36,56,92,31,5,5,35,44,91,6.5,0.411,0.339,0.43,0.043,10.5,15.8,13.2,10.4,0.7,1,24,16.4,87,105,-0.5,0.5,0.1,0.006,0,0
"125","Dikembe Mutombo","273","C",30,"ATL",80,80,2973,380,721,0.527,0,0,NA,380,721,0.527,306,434,0.705,268,661,929,110,49,264,186,249,1066,19,0.584,0.527,0.602,0,11,25.9,18.6,6.4,0.9,7,16.9,17.4,113,97,4.7,6.6,11.3,0.183,0,134
"126","Dino Radja","312","C",29,"BOS",25,25,874,149,339,0.44,0,1,0,149,338,0.441,51,71,0.718,44,167,211,48,23,48,70,76,349,12.6,0.471,0.44,0.209,0.003,5.4,23.8,13.9,9.2,1.3,4.1,15.9,21.6,90,108,-0.9,0.7,-0.2,-0.01,0,0
"127","Dominique Wilkins","418","SF",37,"SAS",63,26,1945,397,953,0.417,70,239,0.293,327,714,0.458,281,350,0.803,169,233,402,119,39,31,135,100,1145,19.6,0.517,0.453,0.367,0.251,10.1,14.9,12.4,11.9,1.1,1.3,10.9,29.7,107,114,3.1,0.3,3.4,0.083,0,0
"128","Don MacLean","226","SF",27,"PHI",37,2,733,163,365,0.447,12,38,0.316,151,327,0.462,64,97,0.66,41,99,140,37,12,10,47,71,402,14.4,0.493,0.463,0.266,0.104,5.9,15.1,10.4,9.4,0.8,1,10.3,26.2,101,113,0.3,0.2,0.5,0.031,0,0
"129","Don Reid","317","PF",23,"DET",47,14,462,54,112,0.482,0,1,0,54,111,0.486,24,32,0.75,36,65,101,14,16,15,23,105,132,11.1,0.523,0.482,0.286,0.009,9.9,17.1,13.6,5.1,2,2.7,15.4,16,104,102,0.3,0.8,1,0.109,0,0
"130","Donald Royal","339","SF",30,"TOT",62,4,858,62,146,0.425,0,2,0,62,144,0.431,94,117,0.803,52,102,154,25,23,11,47,100,218,9.1,0.552,0.425,0.801,0.014,7.3,14.1,10.7,4.3,1.4,1,19.2,12.9,106,111,0.6,0.4,1,0.054,0,0
"131","Donald Whiteside","416","PG",27,"TOR",27,1,259,18,55,0.327,12,36,0.333,6,19,0.316,11,15,0.733,2,10,12,36,11,0,17,23,59,7.6,0.479,0.436,0.273,0.655,0.9,4.7,2.7,21,2.3,0,21.6,13.6,98,112,0,0.1,0.1,0.02,0,0
"132","Donnie Boyce","35","SG",23,"ATL",22,2,154,21,63,0.333,2,16,0.125,19,47,0.404,11,22,0.5,7,8,15,13,10,4,16,17,55,7,0.378,0.349,0.349,0.254,5.5,6.1,5.8,14.7,3.6,2,18,27.2,77,102,-0.5,0.3,-0.3,-0.081,0,0
"133","Donny Marshall","235","SF",24,"CLE",56,0,548,52,160,0.325,33,87,0.379,19,73,0.26,38,54,0.704,22,48,70,24,24,3,32,60,175,9.1,0.476,0.428,0.338,0.544,5.2,11.6,8.3,7.5,2.5,0.5,14.8,19.7,94,102,-0.2,0.8,0.6,0.053,0,0
"134","Dontonio Wingfield","435","SF",22,"POR",47,0,569,79,193,0.409,26,77,0.338,53,116,0.457,27,40,0.675,63,74,137,45,14,6,49,101,211,11.6,0.501,0.477,0.207,0.399,13.5,15,14.3,12.8,1.3,0.8,18.9,20.5,101,104,0.2,0.7,0.9,0.079,0,0
"135","Donyell Marshall","236","SF",23,"GSW",61,20,1022,174,421,0.413,35,111,0.315,139,310,0.448,61,98,0.622,92,184,276,54,25,46,55,96,444,15.6,0.478,0.455,0.233,0.264,10.7,21.4,16,9.1,1.3,3.5,10.6,22.6,102,109,0.5,0.8,1.3,0.059,0,0
"136","Doug Christie","71","SG",26,"TOR",81,81,3127,396,949,0.417,147,383,0.384,249,566,0.44,237,306,0.775,85,347,432,315,201,45,200,245,1176,15.1,0.543,0.495,0.322,0.404,3.1,13.4,8.1,16.7,3.4,1.1,15.6,18.4,108,106,3.3,3.6,7,0.107,0,0
"137","Doug Overton","290","PG",27,"PHI",61,4,634,81,190,0.426,10,40,0.25,71,150,0.473,45,48,0.938,18,50,68,101,24,0,39,44,217,13.2,0.514,0.453,0.253,0.211,3,8.8,5.8,25.2,1.9,0,15.6,16.7,109,114,0.7,0.1,0.9,0.065,0,0
"138","Doug West","413","SG",29,"MIN",68,66,1920,226,484,0.467,15,45,0.333,211,439,0.481,64,94,0.681,37,111,148,113,61,24,66,218,531,8.5,0.505,0.482,0.194,0.093,2.3,6.8,4.6,9.4,1.7,0.9,11.2,14.1,101,110,0.5,1.2,1.7,0.042,0,0
"139","Duane Causwell","63","C",28,"SAC",46,8,581,48,94,0.511,2,3,0.667,46,91,0.505,20,37,0.541,57,70,127,20,15,38,34,131,118,8.9,0.535,0.521,0.394,0.032,11.3,14.2,12.7,5.1,1.4,4.9,23.6,11.1,100,106,0.1,0.6,0.7,0.06,0,0
"140","Duane Ferrell","123","SF",31,"IND",62,18,1115,159,337,0.472,18,44,0.409,141,293,0.481,58,94,0.617,57,84,141,66,38,6,55,120,394,11.6,0.521,0.499,0.279,0.131,6.2,8.8,7.5,10.3,1.8,0.4,12.7,18,104,107,0.7,1.1,1.9,0.081,0,0
"141","Dwayne Schintzius","347","C",28,"LAC",15,0,116,13,36,0.361,1,2,0.5,12,34,0.353,7,8,0.875,9,13,22,4,1,9,7,22,34,8.1,0.43,0.375,0.222,0.056,8.7,13.6,11.1,5.4,0.5,6.1,15,17.9,90,108,-0.1,0.1,0,0.002,0,0
"142","Earl Cureton","79","PF",39,"TOR",9,0,46,3,8,0.375,0,0,NA,3,8,0.375,1,3,0.333,4,5,9,4,0,0,1,10,7,4.9,0.376,0.375,0.375,0,9.9,13.1,11.5,13.1,0,0,9.7,10,102,113,0,0,0,0.026,0,0
"143","Ed O'Bannon","282","SF",24,"TOT",64,5,809,93,279,0.333,18,70,0.257,75,209,0.359,31,35,0.886,50,98,148,39,29,12,20,97,235,9,0.399,0.366,0.125,0.251,6.4,14,10.1,7.7,1.9,1.1,6.4,16.9,96,109,-0.2,0.6,0.4,0.024,0,0
"144","Ed Pinckney","305","PF",33,"MIA",27,0,273,23,43,0.535,0,0,NA,23,43,0.535,20,25,0.8,25,40,65,6,8,9,19,30,66,11.4,0.611,0.535,0.581,0,11.1,17.1,14.1,3.5,1.6,2.6,26,12.6,106,99,0.2,0.5,0.7,0.121,0,0
"145","Eddie Johnson","186","SF",37,"TOT",52,2,913,160,362,0.442,49,131,0.374,111,231,0.481,55,68,0.809,27,111,138,52,15,2,47,81,424,13.4,0.541,0.51,0.188,0.362,3.6,13.7,8.8,10,0.9,0.2,10.7,22,106,107,0.9,0.9,1.8,0.093,0,0
"146","Eddie Jones","191","SG",25,"LAL",80,80,2998,473,1081,0.438,152,389,0.391,321,692,0.464,276,337,0.819,90,236,326,270,189,49,169,226,1374,17.3,0.559,0.508,0.312,0.36,3.5,8.9,6.2,15,3.3,1.2,12.1,20.9,113,103,5.3,4.3,9.6,0.154,0,0
"147","Elden Campbell","58","PF",28,"LAL",77,77,2516,442,942,0.469,1,4,0.25,441,938,0.47,263,370,0.711,207,408,615,126,46,117,130,276,1148,16.8,0.52,0.47,0.393,0.004,9.5,18.3,14,8.6,1,3.5,10.5,22,108,103,3.4,3.6,7,0.134,0,0
"148","Eldridge Recasner","314","SG",29,"ATL",71,4,1207,148,350,0.423,58,140,0.414,90,210,0.429,51,58,0.879,35,80,115,94,38,4,65,97,405,11.5,0.539,0.506,0.166,0.4,3.5,7.7,5.7,13.3,1.7,0.3,14.8,17.2,108,106,1.2,1.3,2.5,0.099,0,0
"149","Elliot Perry","300","PG",27,"MIL",82,3,1595,217,458,0.474,49,137,0.358,168,321,0.523,79,106,0.745,24,100,124,247,98,3,111,117,562,15.2,0.557,0.527,0.231,0.299,1.8,7.6,4.8,25.1,3.3,0.1,18,17.9,108,108,1.8,1.4,3.2,0.096,0,0
"150","Elmer Bennett","27","PG",26,"TOT",9,0,75,6,19,0.316,3,9,0.333,3,10,0.3,7,10,0.7,0,4,4,11,4,0,10,7,22,5.8,0.47,0.395,0.526,0.474,0,6,3.1,22.3,2.8,0,29.9,20,82,111,-0.2,0,-0.1,-0.075,0,0
"151","Elmore Spencer","369","C",27,"SEA",1,0,5,0,1,0,0,0,NA,0,1,0,0,0,NA,0,0,0,0,1,0,1,0,0,-7.3,0,0,0,0,0,0,0,0,10.6,0,50,18.3,0,91,-0.1,0,0,-0.366,0,0
"152","Emanual Davis","89","PG",28,"HOU",13,0,230,24,54,0.444,12,27,0.444,12,27,0.444,5,8,0.625,2,20,22,26,9,2,17,20,65,9.7,0.565,0.556,0.148,0.5,1.1,9.6,5.5,17.1,2.1,0.7,22.8,14.7,100,106,0,0.3,0.3,0.063,0,0
"153","Ennis Whatley","415","PG",34,"POR",3,0,22,2,4,0.5,0,0,NA,2,4,0.5,0,0,NA,0,3,3,3,0,0,1,5,4,5.1,0.5,0.5,0,0,0,15.7,8.1,20.5,0,0,20,10.2,103,107,0,0,0,0.063,0,0
"154","Eric Leckner","213","C",30,"TOT",20,1,126,14,33,0.424,0,0,NA,14,33,0.424,6,12,0.5,5,31,36,5,3,2,10,35,34,4.9,0.444,0.424,0.364,0,4.6,29,16.6,6.4,1.3,1.2,20.7,17.8,79,106,-0.3,0.1,-0.1,-0.045,0,0
"155","Eric Mobley","262","C",26,"VAN",28,8,307,28,63,0.444,0,0,NA,28,63,0.444,16,30,0.533,30,28,58,14,5,10,29,44,72,6.3,0.472,0.444,0.476,0,11.2,10.7,11,7.3,0.9,2.5,27.6,15.9,84,114,-0.4,0,-0.4,-0.063,0,0
"156","Eric Montross","263","C",25,"TOT",78,77,1828,159,349,0.456,0,0,NA,159,349,0.456,21,62,0.339,181,337,518,61,20,73,77,268,339,8.8,0.45,0.456,0.178,0,10.5,21.5,15.8,5.2,0.6,3.1,17,11,96,108,-0.3,1.6,1.4,0.036,0,0
"157","Eric Murdock","269","PG",28,"DEN",12,0,114,15,33,0.455,4,10,0.4,11,23,0.478,11,12,0.917,1,10,11,24,9,2,11,9,45,18.1,0.588,0.515,0.364,0.303,1,9.9,5.5,34.8,4.1,1.2,22.3,19.3,110,107,0.2,0.1,0.3,0.122,0,0
"158","Eric Piatkowski","303","SG",26,"LAC",65,0,747,134,298,0.45,51,120,0.425,83,178,0.466,69,84,0.821,49,56,105,52,33,10,46,85,388,18.2,0.579,0.535,0.282,0.403,7.4,9.1,8.2,12.2,2.3,1,12.1,22.8,115,109,1.7,0.6,2.3,0.146,0,0
"159","Eric Snow","368","PG",23,"SEA",67,0,775,74,164,0.451,4,15,0.267,70,149,0.47,47,66,0.712,17,53,70,159,37,3,48,94,199,12.5,0.515,0.463,0.402,0.091,2.7,8.2,5.5,31,2.5,0.3,19.9,14.2,111,105,1,0.9,1.9,0.117,0,0
"160","Eric Williams","422","SG",24,"BOS",72,67,2435,374,820,0.456,2,8,0.25,372,812,0.458,328,436,0.752,126,203,329,129,72,13,139,213,1078,13.3,0.533,0.457,0.532,0.01,5.5,10.4,7.8,8.6,1.5,0.4,12.1,20.3,107,114,2.5,0.3,2.9,0.056,0,0
"161","Erick Dampier","82","C",21,"IND",72,21,1052,131,336,0.39,1,1,1,130,335,0.388,107,168,0.637,96,198,294,43,19,73,84,153,370,11.8,0.451,0.391,0.5,0.003,11.1,22.1,16.7,6.9,1,5.6,17,21.7,91,101,-1,1.9,0.9,0.04,0,0
"162","Erick Strickland","380","SG",23,"DAL",28,15,759,102,256,0.398,28,92,0.304,74,164,0.451,65,80,0.813,21,69,90,68,27,5,66,75,297,11,0.51,0.453,0.313,0.359,3.2,10.7,6.9,15.6,1.9,0.5,18.5,21.6,96,110,-0.2,0.5,0.3,0.017,0,0
"163","Ervin Johnson","187","C",29,"DEN",82,82,2599,243,467,0.52,0,2,0,243,465,0.523,96,156,0.615,231,682,913,71,65,227,118,288,582,14.3,0.543,0.52,0.334,0.004,10.3,29.6,20,4.3,1.3,6,18.1,11.2,106,103,1.4,3.8,5.2,0.096,0,0
"164","Evric Gray","146","SF",27,"NJN",5,0,42,4,15,0.267,1,4,0.25,3,11,0.273,4,4,1,1,2,3,2,1,0,3,5,13,2.8,0.388,0.3,0.267,0.267,2.4,5.5,3.9,7.2,1.2,0,15.2,20.1,83,115,-0.1,0,-0.1,-0.08,0,0
"165","Felton Spencer","370","C",29,"TOT",73,65,1558,139,284,0.489,0,0,NA,139,284,0.489,94,161,0.584,157,259,416,22,34,50,88,275,372,9.2,0.524,0.489,0.567,0,11.9,19.8,15.8,2.1,1.1,2.5,19.9,12.7,101,110,0.4,0.9,1.3,0.04,0,0
"166","Frank Brickowski","39","PF",37,"BOS",17,2,255,32,73,0.438,7,20,0.35,25,53,0.472,10,14,0.714,6,28,34,15,5,4,19,42,81,6.9,0.512,0.486,0.192,0.274,2.5,13.7,7.7,9.1,1,1.2,19.4,16.5,92,113,-0.2,0.1,-0.1,-0.02,0,0
"167","Frankie King","201","SG",24,"PHI",7,0,59,7,17,0.412,1,2,0.5,6,15,0.4,5,5,1,4,10,14,5,4,0,3,7,20,15,0.521,0.441,0.294,0.118,7.2,18.9,12.9,13.2,3.4,0,13.5,15.9,112,107,0.1,0.1,0.1,0.113,0,0
"168","Fred Hoiberg","171","SG",24,"IND",47,0,572,67,156,0.429,29,70,0.414,38,86,0.442,61,77,0.792,13,68,81,41,27,6,22,51,224,15.9,0.59,0.522,0.494,0.449,2.8,14,8.4,12,2.5,0.9,10.4,17.1,120,103,1.3,0.8,2.1,0.175,0,0
"169","Fred Roberts","323","PF",36,"DAL",12,0,40,6,15,0.4,0,0,NA,6,15,0.4,10,14,0.714,2,8,10,0,0,1,5,2,22,12.8,0.52,0.4,0.933,0,5.7,23.6,14.5,0,0,2,19.1,30.1,92,108,0,0,0,-0.015,0,0
"170","Gary Grant","142","PG",31,"MIA",28,0,365,39,110,0.355,14,46,0.304,25,64,0.391,18,22,0.818,8,30,38,45,16,0,27,39,110,9.1,0.46,0.418,0.2,0.418,2.6,9.6,6.2,20.4,2.4,0,18.4,18.9,94,102,-0.2,0.6,0.4,0.052,0,0
"171","Gary Payton","296","PG",28,"SEA",82,82,3213,706,1482,0.476,119,380,0.313,587,1102,0.533,254,355,0.715,106,272,378,583,197,13,215,208,1785,21.8,0.545,0.517,0.24,0.256,4,10.2,7.1,33.8,3.3,0.3,11.6,26.4,114,103,8.2,4.7,12.9,0.193,0,105
"172","Gary Trent","395","PF",22,"POR",82,28,1918,361,674,0.536,0,11,0,361,663,0.544,160,229,0.699,156,272,428,87,48,35,129,186,882,16.8,0.569,0.536,0.34,0.016,9.9,16.3,13.2,8,1.3,1.4,14.3,21.2,110,104,2.9,2.6,5.5,0.139,0,0
"173","Gaylon Nickerson","279","SG",27,"TOT",4,0,42,4,12,0.333,0,2,0,4,10,0.4,7,7,1,1,4,5,1,1,1,1,1,15,12.9,0.497,0.333,0.583,0.167,2.8,11.6,7.1,3.8,1.2,1.9,6.2,17.7,111,113,0.1,0,0.1,0.076,0,0
"174","George Lynch","224","SF",26,"VAN",41,27,1059,137,291,0.471,8,31,0.258,129,260,0.496,60,97,0.619,98,163,261,76,63,17,64,97,342,15.4,0.512,0.485,0.333,0.107,10.6,18.1,14.3,12.3,3.2,1.2,16.1,17.4,102,107,0.5,1,1.5,0.07,0,0
"175","George McCloud","246","SF",29,"TOT",64,28,1493,238,578,0.412,99,254,0.39,139,324,0.429,83,101,0.822,36,143,179,109,61,8,61,126,658,14.8,0.529,0.497,0.175,0.439,2.8,11.2,6.9,13.2,2.2,0.4,8.9,21,109,108,1.9,1.3,3.2,0.102,0,0
"176","George Zidek","441","C",23,"TOT",52,2,376,49,118,0.415,0,2,0,49,116,0.422,45,57,0.789,35,51,86,14,5,3,27,61,143,10.2,0.5,0.415,0.483,0.017,11.4,15.8,13.6,6.1,0.7,0.6,15.9,21,100,111,0.1,0.2,0.3,0.034,0,0
"177","Gerald Wilkins","419","SG",33,"ORL",80,26,2202,323,759,0.426,66,203,0.325,257,556,0.462,136,190,0.716,59,114,173,173,54,12,123,144,848,11.2,0.503,0.469,0.25,0.267,3.1,6.2,4.6,13.8,1.3,0.4,12.7,20.2,101,111,0.9,1.2,2.1,0.046,0,0
"178","Gheorghe Muresan","270","C",25,"WSB",73,69,1849,327,541,0.604,0,0,NA,327,541,0.604,123,199,0.618,141,340,481,29,43,96,117,230,777,16.7,0.618,0.604,0.368,0,9.1,21.2,15.2,2.5,1.2,3.9,15.7,18.1,111,102,2.5,2.9,5.3,0.139,0,0
"179","Glen Rice","319","SF",29,"CHH",79,78,3362,722,1513,0.477,207,440,0.47,515,1073,0.48,464,535,0.867,67,251,318,160,72,26,177,190,2115,19.7,0.605,0.546,0.354,0.291,2.5,8.8,5.7,8.8,1.2,0.6,9.2,26.9,117,112,9.6,1.2,10.8,0.154,0,95
"180","Glenn Robinson","328","SF",24,"MIL",80,79,3114,669,1438,0.465,63,180,0.35,606,1258,0.482,288,364,0.791,130,372,502,248,103,68,269,225,1689,17.5,0.528,0.487,0.253,0.125,5.1,14.6,9.9,14.8,1.8,1.6,14.4,27.8,102,108,2,2.7,4.7,0.072,0,0
"181","Grant Hill","169","SF",24,"DET",80,80,3147,625,1259,0.496,10,33,0.303,615,1226,0.502,450,633,0.711,123,598,721,583,144,48,259,186,1710,25.5,0.556,0.5,0.503,0.026,5,23.1,14.2,36,2.6,1.3,14.4,28.3,114,100,8.7,5.9,14.6,0.223,0,57
"182","Grant Long","221","PF",30,"DET",65,24,1166,123,275,0.447,17,47,0.362,106,228,0.465,63,84,0.75,88,134,222,39,43,6,48,106,326,12.2,0.523,0.478,0.305,0.171,9.6,14,11.8,5.5,2.1,0.4,13.3,15.3,108,104,1.1,1.5,2.6,0.107,0,0
"183","Greg Anderson","9","C",32,"SAS",82,48,1659,130,262,0.496,0,1,0,130,261,0.498,62,93,0.667,157,291,448,34,63,67,73,225,322,11.4,0.531,0.496,0.355,0.004,11,21.8,16.2,3.2,2.1,3.2,19.4,10.5,105,108,0.7,1.5,2.2,0.064,0,0
"184","Greg Anthony","14","PG",29,"VAN",65,44,1863,199,507,0.393,88,238,0.37,111,269,0.413,130,178,0.73,25,159,184,407,129,4,129,122,616,16.6,0.526,0.479,0.351,0.469,1.5,10,5.7,36.1,3.8,0.2,18.1,17.8,108,110,2.3,1.2,3.5,0.09,0,0
"185","Greg Dreiling","102","C",34,"DAL",40,3,389,34,74,0.459,1,1,1,33,73,0.452,11,27,0.407,19,57,76,11,8,7,9,65,80,7.3,0.466,0.466,0.365,0.014,5.6,17.3,11.3,4.5,1.1,1.4,9.5,11.2,99,108,0,0.3,0.4,0.045,0,0
"186","Greg Foster","128","C",28,"UTA",79,12,920,111,245,0.453,2,3,0.667,109,242,0.45,54,65,0.831,56,131,187,31,10,20,54,145,278,8.4,0.508,0.457,0.265,0.012,8.1,16.8,12.7,5,0.6,1.8,16.5,16.5,98,106,0,1,1,0.054,0,0
"187","Greg Graham","140","SG",26,"SEA",28,0,197,29,80,0.363,9,31,0.29,20,49,0.408,26,40,0.65,2,11,13,11,12,1,10,12,93,12.6,0.476,0.419,0.5,0.388,1.2,6.7,4,9.2,3.2,0.4,9.3,25,98,104,0,0.3,0.3,0.065,0,0
"188","Greg Minor","260","SF",25,"BOS",23,15,547,94,196,0.48,1,8,0.125,93,188,0.495,31,36,0.861,30,50,80,34,15,2,22,45,220,13.2,0.519,0.482,0.184,0.041,5.9,11.4,8.4,10.4,1.4,0.3,9.4,18.3,108,114,0.6,0.1,0.6,0.056,0,0
"189","Greg Ostertag","288","C",23,"UTA",77,70,1818,210,408,0.515,0,4,0,210,404,0.52,139,205,0.678,180,385,565,27,24,152,74,233,559,15.3,0.561,0.515,0.502,0.01,13.1,24.9,19.4,2.2,0.7,7,12.9,14.6,114,100,2.6,3.3,5.9,0.156,0,0
"190","Hakeem Olajuwon","286","C",34,"HOU",78,78,2852,727,1426,0.51,5,16,0.313,722,1410,0.512,351,446,0.787,173,543,716,236,117,173,281,249,1810,22.7,0.558,0.512,0.313,0.011,7.4,21,14.5,16.2,2.1,4.5,14.8,30.4,105,99,3.5,5.6,9.1,0.154,0,7
"191","Harvey Grant","143","PF",31,"WSB",78,25,1604,129,314,0.411,28,89,0.315,101,225,0.449,30,39,0.769,63,193,256,68,46,48,30,167,316,8.8,0.477,0.455,0.124,0.283,4.7,13.9,9.3,5.8,1.5,2.2,8.3,10.1,106,105,0.8,1.9,2.7,0.081,0,0
"192","Haywoode Workman","438","PG",31,"IND",4,2,81,11,20,0.55,0,3,0,11,17,0.647,0,1,0,4,3,7,11,3,0,5,10,22,11,0.538,0.55,0.05,0.15,6,4.3,5.2,23.4,2,0,19.7,14.5,106,108,0.1,0.1,0.1,0.076,0,0
"193","Henry James","183","PF",31,"ATL",53,15,945,125,306,0.408,76,181,0.42,49,125,0.392,30,36,0.833,27,54,81,21,11,1,29,98,356,10.2,0.553,0.533,0.118,0.592,3.5,6.7,5.1,3.8,0.6,0.1,8.3,17.5,113,109,1.3,0.7,2,0.103,0,0
"194","Herb Williams","423","PF",38,"NYK",21,2,184,18,46,0.391,0,1,0,18,45,0.4,3,4,0.75,9,22,31,5,4,5,5,18,39,7,0.408,0.391,0.087,0.022,6.1,13.9,10.1,4.3,1.2,2.2,9.5,13.2,91,102,-0.1,0.3,0.2,0.051,0,0
"195","Hersey Hawkins","163","SG",30,"SEA",82,82,2755,369,795,0.464,143,355,0.403,226,440,0.514,258,295,0.875,92,228,320,250,159,12,130,146,1139,17.6,0.616,0.554,0.371,0.447,4,10,7,14.6,3.1,0.4,12.3,17.5,123,104,7,3.9,10.9,0.19,0,0
"196","Horace Grant","144","PF",31,"ORL",67,67,2496,358,695,0.515,1,6,0.167,357,689,0.518,128,179,0.715,206,394,600,163,101,65,99,157,845,17.3,0.546,0.516,0.258,0.009,9.4,19,14.1,11.4,2.2,2,11.3,16.1,115,103,4.1,3.6,7.7,0.148,0,0
"197","Horacio Llamas Grey","219","C",23,"PHO",20,2,101,15,28,0.536,0,0,NA,15,28,0.536,4,8,0.5,4,14,18,4,10,5,11,25,34,10.5,0.539,0.536,0.286,0,4.7,16.1,10.4,6.2,5.1,3.7,25.9,19,84,99,-0.2,0.2,0,0.019,0,0
"198","Hot Rod Williams","424","C",34,"PHO",68,66,2137,204,416,0.49,0,2,0,204,414,0.493,133,198,0.672,178,384,562,100,67,88,66,176,541,13.8,0.538,0.49,0.476,0.005,9.8,20.8,15.4,6.7,1.6,3.1,11.6,12,115,106,2.8,2.5,5.3,0.119,0,0
"199","Howard Eisley","114","PG",24,"UTA",82,0,1083,139,308,0.451,20,72,0.278,119,236,0.504,70,89,0.787,20,64,84,198,44,10,110,141,368,11.1,0.53,0.484,0.289,0.234,2.4,7,4.8,27.7,2.2,0.8,24.1,19.6,99,107,0.1,1.1,1.2,0.052,0,0
"200","Hubert Davis","90","SG",26,"TOR",36,0,623,74,184,0.402,16,70,0.229,58,114,0.509,17,23,0.739,11,29,40,34,11,2,21,40,181,7.4,0.466,0.446,0.125,0.38,2,5.6,3.8,8.9,0.9,0.3,9.8,15.5,99,114,0,0.1,0.1,0.01,0,0
"201","Isaac Austin","20","C",27,"MIA",82,17,1881,321,639,0.502,0,3,0,321,636,0.505,150,226,0.664,136,342,478,101,45,43,161,244,792,14.2,0.536,0.502,0.354,0.005,8.7,21.2,15.1,9.9,1.3,1.8,17.9,22.5,99,99,0.3,3.7,4,0.102,0,0
"202","Isaiah Rider","322","SG",25,"POR",76,68,2563,456,983,0.464,99,257,0.385,357,726,0.492,212,261,0.812,94,210,304,198,45,19,212,199,1223,13.8,0.557,0.514,0.266,0.261,4.5,9.4,7,13.4,0.9,0.6,16.2,23,106,108,2.6,2.4,5,0.093,0,0
"203","Ivano Newbill","277","PF",26,"ATL",72,2,850,40,91,0.44,0,0,NA,40,91,0.44,20,52,0.385,76,128,204,24,28,15,42,115,100,6.7,0.439,0.44,0.571,0,10.9,17.6,14.3,4.3,1.8,1.4,26.9,8.7,91,101,-0.4,1.4,1.1,0.06,0,0
"204","Jack Haley","151","C",33,"NJN",20,0,74,13,37,0.351,0,0,NA,13,37,0.351,14,19,0.737,13,19,32,5,1,1,2,14,40,19.6,0.441,0.351,0.514,0,17.9,29.5,23.4,11.6,0.7,1,4.2,27.3,111,107,0.2,0.1,0.2,0.149,0,0
"205","Jalen Rose","337","SF",24,"IND",66,6,1188,172,377,0.456,21,72,0.292,151,305,0.495,117,156,0.75,27,94,121,155,57,18,107,136,482,13.8,0.541,0.484,0.414,0.191,2.8,9.3,6.1,22.9,2.6,1.2,19.4,21.5,102,104,0.6,1.5,2.1,0.086,0,0
"206","Jamal Mashburn","239","SF",24,"TOT",69,51,2164,286,743,0.385,90,277,0.325,196,466,0.421,160,228,0.702,69,225,294,204,78,12,114,186,822,12.6,0.487,0.445,0.307,0.373,3.8,12.2,8,16.3,2,0.4,11.9,20.6,102,105,1,2.6,3.6,0.081,0,0
"207","James Robinson","329","PG",26,"MIN",69,5,1309,196,482,0.407,102,267,0.382,94,215,0.437,78,114,0.684,24,88,112,126,30,8,69,125,572,12.7,0.537,0.512,0.237,0.554,2.2,7.9,5.1,16.2,1.2,0.5,11.5,21,106,111,1.3,0.6,1.9,0.071,0,0
"208","James Scott","352","SF",24,"MIA",8,0,32,0,8,0,0,4,0,0,4,0,1,2,0.5,1,5,6,3,2,0,2,5,1,-4.1,0.056,0,0.25,0.5,3.8,18.2,11.1,13.2,3.4,0,18.4,16,34,97,-0.2,0.1,-0.1,-0.187,0,0
"209","Jamie Feick","122","PF-C",22,"TOT",41,0,624,56,157,0.357,5,14,0.357,51,143,0.357,34,67,0.507,82,132,214,26,16,14,31,78,151,11.1,0.405,0.373,0.427,0.089,15.3,26.3,20.6,6.6,1.4,1.8,14.3,16.2,94,109,-0.3,0.5,0.2,0.016,0,0
"210","Jamie Watson","407","SF",24,"TOT",23,6,340,31,72,0.431,4,12,0.333,27,60,0.45,12,16,0.75,18,29,47,33,22,4,24,34,78,10.4,0.493,0.458,0.222,0.167,6.3,10.1,8.3,15.2,3.5,1,23.3,14,95,105,-0.1,0.4,0.3,0.046,0,0
"211","Jaren Jackson","180","SG",29,"WSB",75,0,1133,134,329,0.407,53,158,0.335,81,171,0.474,53,69,0.768,31,101,132,65,45,16,60,131,374,10.1,0.52,0.488,0.21,0.48,3.2,10.3,6.8,8.3,2.1,1.1,14.3,16.6,101,106,0.3,1.3,1.6,0.067,0,0
"212","Jason Caffey","54","PF",23,"CHI",75,19,1405,205,385,0.532,0,1,0,205,384,0.534,139,211,0.659,135,166,301,89,25,9,97,149,549,14.3,0.574,0.532,0.548,0.003,11,13.1,12.1,9.3,0.9,0.5,16.9,18.3,112,105,2.2,1.7,3.9,0.134,0,0
"213","Jason Kidd","200","PG",23,"TOT",55,45,1964,213,529,0.403,61,165,0.37,152,364,0.418,112,165,0.679,64,185,249,496,124,20,142,114,599,16.9,0.498,0.46,0.312,0.312,3.8,11,7.4,38.9,3.3,0.8,19.1,17.2,108,107,2.3,2,4.4,0.107,0,0
"214","Jason Sasser","344","SF",23,"TOT",8,0,69,9,23,0.391,1,3,0.333,8,20,0.4,0,0,NA,1,7,8,2,3,0,2,11,19,5.8,0.413,0.413,0,0.13,1.7,12.6,6.9,5,2.4,0,8,16.8,86,112,-0.1,0,0,-0.032,0,0
"215","Jayson Williams","425","PF",28,"NJN",41,40,1432,221,540,0.409,0,4,0,221,536,0.412,108,183,0.59,242,311,553,51,24,36,82,158,550,15,0.443,0.409,0.339,0.007,17.3,25,20.9,5.9,0.9,1.9,11.7,20.9,100,108,0.4,1.3,1.7,0.057,0,0
"216","Jeff Grayer","147","SG",31,"SAC",25,0,316,38,83,0.458,4,11,0.364,34,72,0.472,11,20,0.55,21,17,38,25,8,7,15,42,91,10,0.496,0.482,0.241,0.133,7.7,6.3,7,12.5,1.3,1.7,14,15.2,104,111,0.2,0.1,0.3,0.049,0,0
"217","Jeff Hornacek","172","SG",33,"UTA",82,82,2592,413,856,0.482,72,195,0.369,341,661,0.516,293,326,0.899,60,181,241,361,124,26,134,188,1191,18.8,0.596,0.525,0.381,0.228,3.1,8.2,5.8,22.1,2.6,0.8,11.8,20.3,121,106,7.2,3,10.2,0.19,0,0
"218","Jeff McInnis","250","PG",22,"DEN",13,0,117,23,49,0.469,12,26,0.462,11,23,0.478,7,10,0.7,2,4,6,18,2,1,13,16,65,14.8,0.609,0.592,0.204,0.531,2,3.9,2.9,28.5,0.9,0.6,19.6,25.4,107,116,0.2,0,0.1,0.06,0,0
"219","Jermaine O'Neal","283","PF",18,"POR",45,0,458,69,153,0.451,0,1,0,69,152,0.454,47,78,0.603,39,85,124,8,2,26,27,46,185,13.7,0.494,0.451,0.51,0.007,10.4,21.4,16,2.9,0.2,4.4,12.6,21.1,100,102,0.1,0.7,0.8,0.087,0,0
"220","Jerome Allen","5","SG",24,"TOT",76,1,943,78,221,0.353,30,93,0.323,48,128,0.375,42,72,0.583,25,73,98,152,31,4,69,84,228,8.7,0.451,0.421,0.326,0.421,3.1,9,6.1,25.3,1.8,0.3,21.4,15.6,95,109,-0.3,0.8,0.4,0.021,0,0
"221","Jerome Kersey","199","SF",34,"LAL",70,44,1766,194,449,0.432,17,65,0.262,177,384,0.461,71,118,0.602,112,251,363,89,119,49,74,219,476,12.3,0.475,0.451,0.263,0.145,7.3,16.1,11.7,7.8,3.5,2.1,12.9,14.6,101,99,0.4,3.4,3.8,0.102,0,0
"222","Jerome Williams","426","PF",23,"DET",33,0,177,20,51,0.392,0,0,NA,20,51,0.392,9,17,0.529,22,28,50,7,13,1,13,18,49,12.6,0.419,0.392,0.333,0,15.8,19.3,17.6,6.6,4.2,0.5,18.2,20,90,98,-0.2,0.4,0.2,0.049,0,0
"223","Jerry Stackhouse","372","SG",22,"PHI",81,81,3166,533,1308,0.407,102,342,0.298,431,966,0.446,511,667,0.766,156,182,338,253,93,63,316,219,1679,14.1,0.524,0.446,0.51,0.261,5.2,6.4,5.8,13.5,1.5,1.4,16.5,25.6,102,115,1.9,0.2,2.1,0.032,0,0
"224","Jim Jackson","181","SG-SF",26,"TOT",77,77,2831,444,1029,0.431,86,247,0.348,358,782,0.458,252,310,0.813,132,279,411,316,86,32,208,194,1226,15.1,0.526,0.473,0.301,0.24,5.1,11.5,8.2,19.4,1.6,0.9,15.1,21.6,106,111,2.8,1.6,4.4,0.075,0,0
"225","Jim McIlvaine","249","C",24,"SEA",82,79,1477,130,276,0.471,1,7,0.143,129,269,0.48,53,107,0.495,132,198,330,23,39,164,62,247,314,11.1,0.486,0.473,0.388,0.025,10.8,16.1,13.5,2.3,1.4,9.5,16.1,11.9,100,99,0.2,2.8,3,0.098,0,0
"226","Jimmy Carruth","61","PF",27,"MIL",4,0,21,2,3,0.667,0,0,NA,2,3,0.667,1,1,1,0,4,4,0,0,2,1,4,5,9.7,0.727,0.667,0.333,0,0,23.2,11.7,0,0,7.1,22.5,9.8,110,105,0,0,0,0.09,0,0
"227","Jimmy King","202","SG",23,"DEN",2,0,22,2,6,0.333,0,0,NA,2,6,0.333,2,4,0.5,2,0,2,2,3,0,1,2,6,12.7,0.387,0.333,0.667,0,10.5,0,5.2,14.1,7.1,0,11.4,17.8,93,105,0,0,0,0.03,0,0
"228","Jimmy Oliver","287","SG",27,"TOR",4,0,43,4,13,0.308,1,6,0.167,3,7,0.429,2,2,1,1,4,5,1,2,0,3,2,11,4.7,0.396,0.346,0.154,0.462,2.6,11.2,6.8,3.6,2.5,0,17.8,17.6,77,109,-0.1,0,-0.1,-0.067,0,0
"229","Joe Courtney","76","PF",27,"TOT",9,0,100,11,30,0.367,0,0,NA,11,30,0.367,3,5,0.6,9,7,16,0,0,0,3,14,25,3.8,0.388,0.367,0.167,0,10,8.2,9.1,0,0,0,8.5,15.7,89,118,-0.1,0,-0.1,-0.059,0,0
"230","Joe Dumars","107","SG",33,"DET",79,79,2923,385,875,0.44,166,384,0.432,219,491,0.446,222,256,0.867,38,153,191,318,57,1,128,97,1158,15.6,0.586,0.535,0.293,0.439,1.7,6.4,4.1,18.7,1.1,0,11.5,18.9,119,110,6.8,2,8.8,0.144,0,0
"231","Joe Kleine","205","C",35,"TOT",59,10,848,69,170,0.406,2,3,0.667,67,167,0.401,28,38,0.737,62,141,203,35,17,18,41,110,168,7.6,0.45,0.412,0.224,0.018,7.9,19.2,13.4,6,1,1.6,18,11.8,94,109,-0.3,0.7,0.4,0.022,0,0
"232","Joe Smith","361","PF",21,"GSW",80,80,3086,587,1293,0.454,12,46,0.261,575,1247,0.461,307,377,0.814,261,418,679,125,74,86,192,244,1493,16,0.512,0.459,0.292,0.036,10,16.1,13.1,7.2,1.3,2.1,11.6,23.8,105,112,3.1,1.3,4.4,0.068,0,0
"233","Joe Stephens","375","PF",24,"HOU",2,0,9,1,5,0.2,1,3,0.333,0,2,0,0,0,NA,2,1,3,0,3,0,3,3,3,3,0.3,0.3,0,0.6,27.1,12.3,19.3,0,17.5,0,37.5,40.5,52,71,-0.1,0,-0.1,-0.308,0,0
"234","Joe Wolf","436","C",32,"MIL",56,7,525,40,89,0.449,1,7,0.143,39,82,0.476,14,19,0.737,32,80,112,20,14,11,14,105,95,7.9,0.488,0.455,0.213,0.079,7.5,18.6,13.1,5.6,1.4,1.6,12.6,9.8,107,107,0.3,0.5,0.8,0.073,0,0
"235","John Crotty","77","PG",27,"MIA",48,0,659,79,154,0.513,20,49,0.408,59,105,0.562,54,64,0.844,15,32,47,102,18,0,42,79,232,14.3,0.637,0.578,0.416,0.318,2.8,5.7,4.2,26.1,1.5,0,18.7,16,122,105,1.6,0.8,2.4,0.176,0,0
"236","John Long","222","SG",40,"TOR",32,0,370,46,117,0.393,12,34,0.353,34,83,0.41,25,28,0.893,6,34,40,21,9,2,24,28,129,8.9,0.499,0.444,0.239,0.291,1.8,11.1,6.3,9.4,1.3,0.4,15.7,18.5,97,111,-0.1,0.2,0.1,0.015,0,0
"237","John Starks","373","SG",31,"NYK",77,1,2042,369,856,0.431,150,407,0.369,219,449,0.488,173,225,0.769,36,169,205,217,90,11,158,196,1061,15.9,0.555,0.519,0.263,0.475,2.2,9.6,6,19.5,2.3,0.4,14.2,25.1,107,102,2.5,3.3,5.8,0.136,0,0
"238","John Stockton","378","PG",34,"UTA",82,82,2896,416,759,0.548,76,180,0.422,340,579,0.587,275,325,0.846,45,183,228,860,166,15,248,194,1183,22.1,0.656,0.598,0.428,0.237,2.1,7.4,4.9,46,3.1,0.4,21.6,18.4,125,105,10,3.6,13.6,0.226,0,7
"239","John Wallace","403","SF",22,"NYK",68,6,787,122,236,0.517,2,4,0.5,120,232,0.517,79,110,0.718,51,104,155,37,21,25,76,102,325,13,0.571,0.521,0.466,0.017,8.1,15.3,11.8,8.2,1.4,2.6,21.1,21.1,100,101,0.1,1.4,1.6,0.095,0,0
"240","Johnny Newman","278","SF",33,"MIL",82,4,2060,246,547,0.45,34,98,0.347,212,449,0.472,189,247,0.765,66,120,186,116,73,17,115,257,715,10.8,0.545,0.481,0.452,0.179,3.9,7.1,5.5,8.9,1.9,0.6,14.9,17.3,106,110,1.6,1.2,2.8,0.065,0,0
"241","Jon Barry","25","SG",27,"ATL",58,8,965,100,246,0.407,48,124,0.387,52,122,0.426,37,46,0.804,26,73,99,115,55,3,59,56,285,13.2,0.535,0.504,0.187,0.504,3.3,8.8,6.1,19.7,3.2,0.2,18.1,15.9,108,103,0.9,1.5,2.4,0.118,0,0
"242","Jud Buechler","49","SF",28,"CHI",76,0,703,58,158,0.367,18,54,0.333,40,104,0.385,5,14,0.357,45,81,126,60,23,21,27,50,139,9.8,0.423,0.424,0.089,0.342,7.3,12.8,10.1,11.4,1.7,2.2,14.1,12.1,101,103,0.1,1.1,1.2,0.082,0,0
"243","Juwan Howard","175","SF",23,"WSB",82,82,3324,638,1313,0.486,0,2,0,638,1311,0.487,294,389,0.756,202,450,652,311,93,23,246,259,1570,16.1,0.529,0.486,0.296,0.002,7.2,15.6,11.5,15.2,1.5,0.5,14.2,23.4,105,106,3.3,3.7,7,0.101,0,0
"244","Karl Malone","229","PF",33,"UTA",82,82,2998,864,1571,0.55,0,13,0,864,1558,0.555,521,690,0.755,193,616,809,368,113,48,233,217,2249,28.9,0.6,0.55,0.439,0.008,8.5,24.2,16.8,24.5,2,1.3,11.1,32.7,118,101,11.6,5.1,16.7,0.268,0,6
"245","Keith Askins","18","SF",29,"MIA",78,30,1773,138,319,0.433,69,172,0.401,69,147,0.469,39,58,0.672,86,185,271,75,53,19,59,196,384,9.1,0.557,0.541,0.182,0.539,5.9,12.2,9.1,6.7,1.6,0.8,14.6,10.7,111,102,1.5,2.8,4.3,0.116,0,0
"246","Keith Tower","394","C",26,"MIL",5,1,72,3,8,0.375,0,0,NA,3,8,0.375,1,8,0.125,2,7,9,1,2,1,2,12,7,0.6,0.304,0.375,1,0,3.4,11.8,7.6,2,1.5,1,14.8,8.7,64,109,-0.1,0.1,-0.1,-0.054,0,0
"247","Ken Norman","280","SF",32,"ATL",17,0,220,27,94,0.287,6,38,0.158,21,56,0.375,4,12,0.333,8,31,39,12,7,3,18,17,64,3.1,0.322,0.319,0.128,0.404,4.4,16.4,10.6,9.3,1.8,1.1,15.3,25.2,69,102,-0.9,0.3,-0.6,-0.129,0,0
"248","Kendall Gill","137","SF",28,"NJN",82,81,3199,644,1453,0.443,74,220,0.336,570,1233,0.462,427,536,0.797,183,316,499,326,154,46,218,225,1789,19.6,0.53,0.469,0.369,0.151,5.8,11.4,8.4,18.3,2.5,1.1,11.4,25.4,112,109,6.6,2.2,8.8,0.132,0,0
"249","Kenny Anderson","10","PG",26,"POR",82,81,3081,485,1137,0.427,132,366,0.361,353,771,0.458,334,435,0.768,91,272,363,584,162,15,193,222,1436,19.5,0.54,0.485,0.383,0.322,3.6,10.2,7,31.7,2.8,0.4,12.7,22.2,117,104,8,4.4,12.4,0.193,0,0
"250","Kenny Smith","362","PG",31,"TOT",48,3,765,101,239,0.423,59,135,0.437,42,104,0.404,39,45,0.867,4,40,44,116,19,0,71,30,300,12.3,0.58,0.546,0.188,0.565,0.6,6,3.3,25.2,1.3,0,21.5,19.4,104,115,0.6,0.1,0.6,0.039,0,0
"251","Kerry Kittles","204","SG",22,"NJN",82,57,3012,507,1189,0.426,158,419,0.377,349,770,0.453,175,227,0.771,106,213,319,249,157,35,127,165,1347,16,0.523,0.493,0.191,0.352,3.6,8.1,5.7,14,2.7,0.9,9,20.1,113,110,5.1,1.8,6.9,0.11,0,0
"252","Kevin Duckworth","105","C",32,"LAC",26,22,384,45,103,0.437,3,4,0.75,42,99,0.424,11,16,0.688,23,37,60,16,9,11,33,63,104,6.1,0.473,0.451,0.155,0.039,6.7,11.7,9.1,6.6,1.2,2.2,23.1,16.6,85,109,-0.5,0.3,-0.2,-0.03,0,0
"253","Kevin Edwards","112","PG",31,"NJN",32,0,477,69,183,0.377,15,43,0.349,54,140,0.386,37,43,0.86,9,34,43,57,17,4,49,34,190,9.8,0.47,0.418,0.235,0.235,1.9,8.2,4.9,19.5,1.9,0.6,19.5,22.4,92,112,-0.4,0.2,-0.2,-0.021,0,0
"254","Kevin Gamble","131","SF",31,"SAC",62,2,953,123,286,0.43,54,112,0.482,69,174,0.397,7,10,0.7,13,94,107,77,21,17,27,76,307,11.6,0.529,0.524,0.035,0.392,1.6,11.6,6.5,12.9,1.2,1.3,8.5,14.9,111,110,1.1,0.6,1.6,0.082,0,0
"255","Kevin Garnett","132","SF",20,"MIN",77,77,2995,549,1100,0.499,6,21,0.286,543,1079,0.503,205,272,0.754,190,428,618,236,105,163,175,199,1309,18.2,0.537,0.502,0.247,0.019,7.6,16.8,12.2,14.1,1.9,4.1,12.5,21.3,107,105,3.4,3.9,7.3,0.116,0,0
"256","Kevin Johnson","188","PG",30,"PHO",70,70,2658,441,890,0.496,89,202,0.441,352,688,0.512,439,515,0.852,54,199,253,653,102,12,217,141,1410,22.9,0.631,0.546,0.579,0.227,2.4,8.7,5.6,39.3,2,0.3,16.3,22.6,124,111,10.2,1.5,11.7,0.211,0,5
"257","Kevin Salvadori","343","C",26,"SAC",23,0,154,12,33,0.364,0,0,NA,12,33,0.364,13,18,0.722,6,19,25,10,2,13,12,17,37,8.3,0.452,0.364,0.545,0,4.5,14.5,9.5,9.6,0.7,6.4,22.7,15.4,86,107,-0.2,0.2,0,-0.007,0,0
"258","Kevin Willis","433","PF",34,"HOU",75,32,1964,350,728,0.481,2,14,0.143,348,714,0.487,140,202,0.693,146,415,561,71,42,32,119,216,842,14.3,0.515,0.482,0.277,0.019,9.1,23.3,16.6,6.2,1.1,1.2,12.7,21.7,101,103,0.8,3,3.8,0.093,0,0
"259","Khalid Reeves","316","PG",24,"TOT",63,30,1432,184,470,0.391,83,227,0.366,101,243,0.416,65,87,0.747,34,85,119,226,34,9,108,159,516,11.1,0.508,0.48,0.185,0.483,2.5,6.9,4.6,25.6,1.2,0.5,17.5,18.7,104,113,0.9,0.3,1.2,0.041,0,0
"260","Kobe Bryant","47","SG",18,"LAL",71,6,1103,176,422,0.417,51,136,0.375,125,286,0.437,136,166,0.819,47,85,132,91,49,23,112,102,539,14.4,0.544,0.477,0.393,0.322,4.9,8.7,6.8,13.8,2.3,1.6,18.5,24.7,101,105,0.5,1.3,1.8,0.079,0,0
"261","Kurt Thomas","388","PF",24,"MIA",18,9,374,39,105,0.371,0,1,0,39,104,0.375,35,46,0.761,31,76,107,9,12,9,25,67,113,9.5,0.451,0.371,0.438,0.01,10,23.7,17,4,1.7,1.9,16.6,18.9,92,97,-0.3,0.8,0.5,0.07,0,0
"262","Lamond Murray","271","SF",23,"LAC",74,1,1295,181,435,0.416,31,91,0.341,150,344,0.436,156,211,0.739,85,148,233,57,53,29,86,113,549,14.4,0.52,0.452,0.485,0.209,7.4,13.8,10.5,7.2,2.2,1.8,14,21.2,104,107,0.9,1.2,2.1,0.078,0,0
"263","LaPhonso Ellis","118","PF",26,"DEN",55,49,2002,445,1014,0.439,95,259,0.367,350,755,0.464,218,282,0.773,107,279,386,131,44,41,117,181,1203,18.2,0.529,0.486,0.278,0.255,6.2,15.7,11,12.7,1.1,1.4,9.3,28,107,111,2.7,0.9,3.6,0.087,0,0
"264","Larry Johnson","189","SF",27,"NYK",76,76,2613,376,735,0.512,34,105,0.324,342,630,0.543,190,274,0.693,165,228,393,174,64,36,136,249,976,13.8,0.57,0.535,0.373,0.143,7.9,10.1,9,11.4,1.3,1.1,13.7,17.5,113,104,4,3.7,7.7,0.141,0,0
"265","Larry Krystkowiak","207","PF",32,"LAL",3,0,11,1,2,0.5,0,0,NA,1,2,0.5,1,2,0.5,2,3,5,3,2,0,1,3,3,27.2,0.521,0.5,1,0,20.9,30.8,25.9,40.9,9.6,0,25.8,15.8,118,82,0,0,0.1,0.315,0,0
"266","Larry Stewart","376","SF",28,"SEA",70,21,982,112,252,0.444,9,37,0.243,103,215,0.479,67,93,0.72,75,96,171,52,31,23,63,108,300,10.8,0.512,0.462,0.369,0.147,9.3,11.8,10.5,8.2,1.7,2,17.7,16.6,101,105,0.3,1.2,1.6,0.076,0,0
"267","LaSalle Thompson","390","C",35,"TOT",26,0,140,3,19,0.158,0,0,NA,3,19,0.158,4,6,0.667,7,27,34,2,3,6,9,33,10,-0.5,0.231,0.158,0.316,0,5.9,21.9,14,2,1.1,2.9,29.4,9.9,51,106,-0.4,0.2,-0.3,-0.086,0,0
"268","Latrell Sprewell","371","SG",26,"GSW",80,79,3353,649,1444,0.449,147,415,0.354,502,1029,0.488,493,585,0.843,58,308,366,507,132,45,322,153,1938,19.7,0.57,0.5,0.405,0.287,2.1,10.9,6.5,27,2.1,1,15.9,26.9,111,113,7,1.1,8.1,0.115,0,0
"269","Lawrence Moten","266","SG",24,"VAN",67,18,1214,171,441,0.388,41,141,0.291,130,300,0.433,64,99,0.646,43,76,119,129,48,24,81,83,447,11.4,0.461,0.434,0.224,0.32,4.1,7.4,5.7,18.6,2.1,1.5,14.3,21.6,94,113,-0.7,0.3,-0.4,-0.017,0,0
"270","Lee Mayberry","243","PG",26,"VAN",80,38,1952,149,370,0.403,83,221,0.376,66,149,0.443,29,46,0.63,29,105,134,329,60,8,90,159,410,10.2,0.525,0.515,0.124,0.597,1.7,6.3,4,26.5,1.7,0.3,18.7,11.4,109,115,1.7,-0.1,1.6,0.04,0,0
"271","Lindsey Hunter","177","PG",26,"DET",82,76,3023,421,1042,0.404,166,468,0.355,255,574,0.444,158,203,0.778,59,174,233,154,129,24,96,206,1166,13.4,0.515,0.484,0.195,0.449,2.5,7,4.8,8.9,2.4,0.7,7.8,20.1,107,106,3,3.4,6.4,0.101,0,0
"272","Lionel Simmons","357","SF",28,"SAC",41,0,521,45,136,0.331,7,30,0.233,38,106,0.358,42,48,0.875,30,74,104,57,8,13,34,63,139,9.4,0.442,0.357,0.353,0.221,6.6,16.7,11.6,16.4,0.8,1.9,17.8,16.5,96,109,-0.1,0.4,0.3,0.028,0,0
"273","Litterial Green","149","PG",26,"DET",45,0,311,30,64,0.469,0,10,0,30,54,0.556,30,47,0.638,6,16,22,41,16,1,15,27,90,13.5,0.531,0.469,0.734,0.156,2.5,6.3,4.4,21.4,2.9,0.3,15,15.9,111,105,0.4,0.4,0.8,0.119,0,0
"274","Lloyd Daniels","83","SG",29,"TOT",22,0,310,36,119,0.303,21,70,0.3,15,49,0.306,5,6,0.833,19,24,43,26,10,3,14,33,98,8.3,0.403,0.391,0.05,0.588,6.3,8.9,7.6,13.1,1.7,0.7,10.3,18.8,95,112,-0.1,0.1,0,0.001,0,0
"275","Loren Meyer","254","PF",24,"TOT",54,33,708,108,244,0.443,4,7,0.571,104,237,0.439,46,64,0.719,53,92,145,19,11,15,62,125,266,8.1,0.489,0.451,0.262,0.029,8.7,15.2,11.9,4.4,0.8,1.6,18.6,21.4,90,110,-0.8,0.5,-0.3,-0.02,0,0
"276","Lorenzen Wright","439","C",21,"LAC",77,51,1936,236,491,0.481,1,4,0.25,235,487,0.483,88,150,0.587,206,265,471,49,48,60,79,211,561,12.5,0.504,0.482,0.305,0.008,12,16.6,14.2,4,1.3,2.4,12.4,14.7,106,108,1.5,1.7,3.2,0.079,0,0
"277","Lorenzo Williams","427","C",27,"WSB",19,0,264,20,31,0.645,0,0,NA,20,31,0.645,5,7,0.714,28,41,69,4,6,8,18,49,45,8,0.66,0.645,0.226,0,12.6,17.9,15.3,2.1,1.2,2.3,34.6,8.9,102,104,0.1,0.3,0.4,0.074,0,0
"278","Lou Roe","332","SF",24,"GSW",17,0,107,14,48,0.292,3,11,0.273,11,37,0.297,9,19,0.474,7,7,14,6,3,1,11,10,40,3,0.355,0.323,0.396,0.229,7.8,7.8,7.8,9,1.5,0.7,16.3,28,74,115,-0.4,0,-0.4,-0.187,0,0
"279","Loy Vaught","398","PF",28,"LAC",82,82,2838,542,1084,0.5,2,12,0.167,540,1072,0.504,134,191,0.702,222,595,817,110,85,25,137,241,1220,16.6,0.522,0.501,0.176,0.011,8.8,25.4,16.8,6.9,1.6,0.7,10.5,20.5,107,105,2.9,3.4,6.3,0.106,0,0
"280","Luc Longley","223","C",28,"CHI",59,59,1472,221,485,0.456,0,2,0,221,483,0.458,95,120,0.792,121,211,332,141,23,66,111,191,537,13.4,0.499,0.456,0.247,0.004,9.4,15.9,12.7,14.1,0.8,3.4,17.1,19.7,103,102,0.9,2.3,3.1,0.103,0,0
"281","Lucious Harris","161","SG",26,"PHI",54,3,813,112,294,0.381,36,99,0.364,76,195,0.39,33,47,0.702,27,44,71,50,41,3,34,45,293,10.7,0.466,0.442,0.16,0.337,3.5,6,4.8,9.9,2.5,0.3,9.8,18.1,100,113,0.2,0.2,0.4,0.023,0,0
"282","Mahmoud Abdul-Rauf","1","PG",27,"SAC",75,51,2131,411,924,0.445,94,246,0.382,317,678,0.468,115,136,0.846,16,106,122,189,56,6,119,174,1031,13.2,0.524,0.496,0.147,0.266,0.9,5.9,3.3,15.8,1.4,0.2,10.8,23.2,105,112,2,0.7,2.7,0.06,0,0
"283","Malik Rose","338","PF",22,"CHH",54,1,525,61,128,0.477,0,2,0,61,126,0.484,38,62,0.613,70,94,164,32,28,17,41,114,160,13.7,0.515,0.477,0.484,0.016,16.7,21,18.9,9.6,2.9,2.4,20.9,17.6,103,103,0.3,0.8,1.1,0.1,0,0
"284","Malik Sealy","354","SG",26,"LAC",80,79,2456,373,942,0.396,79,222,0.356,294,720,0.408,254,290,0.876,59,179,238,165,124,45,154,185,1079,13.7,0.504,0.438,0.308,0.236,2.7,8.8,5.7,11.2,2.7,1.4,12.6,22.3,102,108,1.1,2.1,3.2,0.063,0,0
"285","Marcus Brown","43","PG",22,"POR",21,0,184,28,70,0.4,13,32,0.406,15,38,0.395,13,19,0.684,4,11,15,20,8,2,13,26,82,12.9,0.523,0.493,0.271,0.457,2.7,6.9,4.8,18,2.3,0.8,14.2,22.4,105,105,0.2,0.2,0.4,0.105,0,0
"286","Marcus Camby","57","C",22,"TOR",63,38,1897,375,778,0.482,2,14,0.143,373,764,0.488,183,264,0.693,131,263,394,97,66,130,134,214,935,17.8,0.523,0.483,0.339,0.018,7.9,16.7,12.2,9.6,1.8,5.5,13,24.3,103,105,1.4,2.3,3.7,0.095,0,0
"287","Mario Elie","115","SF",33,"HOU",78,77,2687,291,585,0.497,120,286,0.42,171,299,0.572,207,231,0.896,60,175,235,310,92,12,135,200,909,14.3,0.662,0.6,0.395,0.489,2.7,7.2,5.1,17.6,1.8,0.3,16.4,13.9,125,107,6.3,2.6,8.9,0.159,0,0
"288","Mark Bradtke","37","C",28,"PHI",36,0,251,25,58,0.431,0,0,NA,25,58,0.431,9,13,0.692,26,42,68,7,5,5,9,34,59,9.6,0.463,0.431,0.224,0,11,18.7,14.8,4.2,1,1.4,12.4,12.2,104,111,0.1,0.1,0.2,0.044,0,0
"289","Mark Bryant","48","PF",31,"PHO",41,18,1018,152,275,0.553,0,0,NA,152,275,0.553,76,108,0.704,67,145,212,47,22,5,46,136,380,13.3,0.589,0.553,0.393,0,7.7,16.5,12.2,7.2,1.1,0.4,12.5,16.3,114,110,1.6,0.7,2.3,0.109,0,0
"290","Mark Davis","91","SF",23,"PHI",75,17,1705,251,535,0.469,24,93,0.258,227,442,0.514,113,168,0.673,138,185,323,135,85,31,118,230,639,13.7,0.525,0.492,0.314,0.174,8.6,12.1,10.3,12.9,2.5,1.3,16.2,18,105,110,1.3,1,2.3,0.065,0,0
"291","Mark Hendrickson","167","PF",22,"PHI",29,1,301,32,77,0.416,3,12,0.25,29,65,0.446,18,26,0.692,35,57,92,3,10,4,14,32,85,11.5,0.481,0.435,0.338,0.156,12.4,21.2,16.7,1.5,1.7,1,13.7,14.4,103,109,0.1,0.2,0.3,0.054,0,0
"292","Mark Jackson","182","PG",31,"TOT",82,82,3054,289,679,0.426,66,178,0.371,223,501,0.445,168,213,0.789,91,304,395,935,97,12,274,161,812,15.7,0.525,0.474,0.314,0.262,3.5,11.4,7.5,48.2,1.7,0.3,26.2,15.5,111,111,4.4,1.8,6.1,0.097,0,0
"293","Mark Price","311","PG",32,"GSW",70,49,1876,263,589,0.447,112,283,0.396,151,306,0.493,155,171,0.906,36,143,179,342,67,3,161,100,793,16.5,0.597,0.542,0.29,0.48,2.3,9.1,5.7,29.8,1.9,0.1,19.5,19.6,114,114,3.7,0.3,4,0.102,0,0
"294","Mark Strickland","381","PF",26,"MIA",31,0,153,25,60,0.417,0,1,0,25,59,0.424,12,21,0.571,16,21,37,1,4,10,15,17,62,11.1,0.448,0.417,0.35,0.017,12.6,16,14.3,1.2,1.4,5.1,17.8,25.9,85,99,-0.3,0.3,0,-0.003,0,0
"295","Mark West","414","C",36,"CLE",70,43,959,100,180,0.556,0,0,NA,100,180,0.556,27,56,0.482,69,117,186,19,11,55,52,142,227,9.9,0.555,0.556,0.311,0,9.2,16.1,12.6,3.4,0.7,5.2,20.3,13.4,99,102,0.1,1.5,1.6,0.081,0,0
"296","Martin Lewis","216","SF",21,"TOR",9,0,50,6,14,0.429,1,3,0.333,5,11,0.455,1,2,0.5,4,2,6,4,1,2,1,8,14,10.9,0.47,0.464,0.143,0.214,9.1,4.8,7,13.1,1.1,3.2,6.3,14.2,113,112,0.1,0,0.1,0.082,0,0
"297","Martin Muursepp","274","PF",22,"TOT",42,0,348,54,131,0.412,4,24,0.167,50,107,0.467,44,70,0.629,35,32,67,20,12,11,18,58,156,14.9,0.482,0.427,0.534,0.183,11.5,10.8,11.2,10.4,1.9,2.5,10,23.8,104,108,0.3,0.3,0.6,0.081,0,0
"298","Marty Conlon","74","C",29,"BOS",74,15,1614,214,454,0.471,2,10,0.2,212,444,0.477,144,171,0.842,128,195,323,104,46,18,109,154,574,12.8,0.542,0.474,0.377,0.022,8.5,15.1,11.5,10.1,1.4,0.8,17.1,17,106,113,1.3,0.5,1.8,0.053,0,0
"299","Matt Bullard","50","PF",29,"HOU",71,12,1025,114,284,0.401,67,183,0.366,47,101,0.465,25,34,0.735,13,104,117,67,21,18,38,68,320,10.3,0.535,0.519,0.12,0.644,1.5,11.2,6.6,10,1.1,1.3,11.3,15,106,107,0.7,1,1.7,0.08,0,0
"300","Matt Fish","126","C",27,"TOT",6,0,8,1,3,0.333,0,0,NA,1,3,0.333,0,0,NA,1,4,5,0,0,0,2,2,2,-3.2,0.333,0.333,0,0,14.8,57.7,36.6,0,0,0,40,28.1,50,95,-0.1,0,0,-0.287,0,0
"301","Matt Geiger","136","C",27,"CHH",49,13,1044,171,350,0.489,6,20,0.3,165,330,0.5,89,127,0.701,100,158,258,38,20,27,67,153,437,14.3,0.538,0.497,0.363,0.057,12,17.8,15,6.2,1,1.9,14.2,21.3,105,108,1,0.9,1.9,0.085,0,0
"302","Matt Maloney","230","PG",25,"HOU",82,82,2386,271,615,0.441,154,381,0.404,117,234,0.5,71,93,0.763,19,141,160,303,82,1,122,125,767,12.3,0.585,0.566,0.151,0.62,1,6.5,3.9,19.5,1.8,0,15.7,14.8,113,108,3.2,2.1,5.3,0.107,0,0
"303","Matt Steigenga","374","SF",26,"CHI",2,0,12,1,4,0.25,0,2,0,1,2,0.5,1,2,0.5,0,3,3,2,1,1,2,1,3,7,0.307,0.25,0.5,0.5,0,27.8,14.1,22.3,4.4,6.3,29.1,25.6,62,89,-0.1,0,0,-0.126,0,0
"304","Melvin Booker","33","PG",24,"TOT",21,4,430,46,105,0.438,12,37,0.324,34,68,0.5,18,20,0.9,7,22,29,53,3,2,27,28,122,8.8,0.536,0.495,0.19,0.352,1.9,6.1,4,19.1,0.4,0.4,19.2,14.6,105,118,0.3,-0.1,0.1,0.014,0,0
"305","Michael Cage","55","C",35,"PHI",82,24,1247,66,141,0.468,0,0,NA,66,141,0.468,19,41,0.463,112,208,320,43,48,42,17,118,151,10.3,0.475,0.468,0.291,0,9.6,18.6,14,4.9,1.9,2.4,9.7,6,118,109,1,1,2,0.078,0,0
"306","Michael Curry","81","SG",28,"DET",81,2,1217,99,221,0.448,23,77,0.299,76,144,0.528,97,108,0.898,23,96,119,43,31,12,28,128,318,10.4,0.592,0.5,0.489,0.348,2.4,9.6,6.1,5.6,1.4,0.8,9.4,12.1,121,107,2,1.2,3.2,0.126,0,0
"307","Michael Finley","125","SF",23,"TOT",83,54,2790,475,1071,0.444,101,280,0.361,374,791,0.473,198,245,0.808,88,284,372,224,68,24,164,138,1249,14.5,0.53,0.491,0.229,0.261,3.6,11.9,7.8,14.3,1.3,0.7,12.2,22,105,111,2.3,1.6,3.9,0.067,0,0
"308","Michael Hawkins","164","PG",24,"BOS",29,0,326,29,68,0.426,10,31,0.323,19,37,0.514,12,15,0.8,9,22,31,64,16,1,28,40,80,10.6,0.536,0.5,0.221,0.456,3,8.4,5.5,28.8,2.5,0.2,27.3,13.5,102,113,0.1,0.1,0.2,0.033,0,0
"309","Michael Jordan","193","SG",33,"CHI",82,82,3106,920,1892,0.486,111,297,0.374,809,1595,0.507,480,576,0.833,113,369,482,352,140,44,166,156,2431,27.8,0.567,0.516,0.304,0.157,4.2,13.2,8.8,21.2,2.4,1.1,7.2,33.2,121,102,13.3,5,18.3,0.283,0,4
"310","Michael Smith","363","PF",24,"SAC",81,52,2526,202,375,0.539,0,0,NA,202,375,0.539,128,258,0.496,257,512,769,191,82,60,130,251,532,13.3,0.545,0.539,0.688,0,11.7,23.9,17.7,11.2,1.7,1.8,21,11,109,105,2.2,3.2,5.4,0.102,0,0
"311","Mike Brown","44","C",33,"PHO",6,1,83,5,12,0.417,0,0,NA,5,12,0.417,6,10,0.6,9,16,25,5,1,1,2,9,16,11.1,0.488,0.417,0.833,0,12.8,22.4,17.6,8.2,0.6,0.9,10.9,10,118,109,0.1,0.1,0.2,0.107,0,0
"312","Mitch Richmond","321","SG",31,"SAC",81,81,3125,717,1578,0.454,204,477,0.428,513,1101,0.466,457,531,0.861,59,260,319,338,118,24,237,211,2095,21.6,0.578,0.519,0.337,0.302,2.2,9.8,6,20.6,2,0.6,11.6,29.4,115,110,8.7,2.1,10.8,0.166,0,4
"313","Mitchell Butler","53","SG",26,"POR",49,1,465,52,125,0.416,12,39,0.308,40,86,0.465,32,50,0.64,19,34,53,30,13,2,27,55,148,9,0.503,0.464,0.4,0.312,5,8.4,6.8,10,1.5,0.3,15.5,16.9,101,107,0.1,0.5,0.6,0.063,0,0
"314","Monty Williams","428","SF",25,"SAS",65,26,1345,234,460,0.509,0,1,0,234,459,0.51,120,186,0.645,98,108,206,91,55,52,116,161,588,15.6,0.543,0.509,0.404,0.002,8.4,10,9.2,12.5,2.2,3.1,17.6,22.8,101,112,0.6,0.6,1.2,0.042,0,0
"315","Moochie Norris","281","PG",23,"VAN",8,0,89,4,22,0.182,2,10,0.2,2,12,0.167,2,5,0.4,3,9,12,23,4,0,5,5,12,8.2,0.248,0.227,0.227,0.455,3.9,11.9,7.8,38.7,2.4,0,17.1,15.2,81,112,-0.2,0,-0.1,-0.066,0,0
"316","Mookie Blaylock","29","PG",29,"ATL",78,78,3056,501,1159,0.432,221,604,0.366,280,555,0.505,131,174,0.753,114,299,413,463,212,20,185,141,1354,20.4,0.548,0.528,0.15,0.521,4.6,11.4,8.1,27.7,3.8,0.5,13,21.9,115,100,7,5.6,12.5,0.197,0,0
"317","Muggsy Bogues","31","PG",32,"CHH",65,65,1880,204,443,0.46,60,144,0.417,144,299,0.482,54,64,0.844,25,116,141,469,82,2,108,114,522,15.7,0.554,0.528,0.144,0.325,1.7,7.2,4.5,38.6,2.4,0.1,18.6,14.5,119,111,3.9,1.1,5,0.127,0,0
"318","Nate Driggers","104","SG",23,"BOS",15,0,132,13,43,0.302,0,9,0,13,34,0.382,10,14,0.714,12,10,22,6,3,2,6,10,36,6.8,0.366,0.302,0.326,0.209,9.7,9.4,9.6,6.8,1.1,1.1,10.9,17.9,86,115,-0.2,0,-0.2,-0.059,0,0
"319","Nate McMillan","253","PG",32,"SEA",37,2,798,61,149,0.409,28,84,0.333,33,65,0.508,19,29,0.655,15,103,118,140,58,6,32,78,169,14.1,0.522,0.503,0.195,0.564,2.3,15.5,8.9,25.8,3.9,0.6,16.5,11.1,117,100,1.1,1.5,2.6,0.158,0,0
"320","Nick Anderson","11","SG",29,"ORL",63,61,2163,288,725,0.397,143,405,0.353,145,320,0.453,38,94,0.404,66,238,304,182,120,32,86,160,757,13.8,0.494,0.496,0.13,0.559,3.5,13.2,8.2,14.5,3,1.1,10.1,18.2,104,104,1.3,2.9,4.2,0.093,0,0
"321","Nick Van Exel","396","PG",25,"LAL",79,79,2937,432,1075,0.402,177,468,0.378,255,607,0.42,165,200,0.825,44,182,226,672,75,10,212,110,1206,16,0.518,0.484,0.186,0.435,1.7,7,4.4,37.5,1.3,0.3,15.4,21,111,109,5,2.2,7.2,0.118,0,0
"322","Olden Polynice","307","C",32,"SAC",82,82,2893,442,967,0.457,0,6,0,442,961,0.46,141,251,0.562,272,500,772,178,46,80,166,298,1025,13.1,0.476,0.457,0.26,0.006,10.9,20.4,15.6,10.2,0.8,2.1,13.4,19.3,100,108,0.6,2.7,3.3,0.055,0,0
"323","Oliver Miller","256","C",26,"TOT",61,8,1152,123,238,0.517,0,2,0,123,236,0.521,48,79,0.608,105,201,306,87,47,63,90,181,294,13.1,0.539,0.517,0.332,0.008,10.4,20.7,15.4,12.5,2.2,4.3,24.8,14.3,99,103,0.1,1.7,1.8,0.073,0,0
"324","Othella Harrington","160","PF",23,"HOU",57,1,860,112,204,0.549,0,3,0,112,201,0.557,49,81,0.605,75,123,198,18,12,22,57,112,273,10.8,0.57,0.549,0.397,0.015,10.6,15.8,13.3,3.3,0.7,1.9,19.2,15.7,103,105,0.4,1,1.4,0.079,0,0
"325","Otis Thorpe","391","C",34,"DET",79,79,2661,419,787,0.532,0,2,0,419,785,0.534,198,303,0.653,226,396,622,133,59,17,145,298,1036,16.1,0.563,0.532,0.385,0.003,10.8,18.1,14.5,9,1.3,0.5,13.6,19.8,112,105,4.5,3.4,7.9,0.142,0,0
"326","P.J. Brown","45","PF",27,"MIA",80,71,2592,300,656,0.457,0,2,0,300,654,0.459,161,220,0.732,239,431,670,92,85,98,113,283,761,13.8,0.505,0.457,0.335,0.003,11.1,19.4,15.3,5.9,1.8,2.9,13.1,15.7,107,98,2.1,5.4,7.5,0.139,0,0
"327","Patrick Ewing","121","C",34,"NYK",78,78,2887,655,1342,0.488,2,9,0.222,653,1333,0.49,439,582,0.754,175,659,834,156,69,189,269,250,1751,21.3,0.548,0.489,0.434,0.007,7.5,26.4,17.3,10.8,1.3,5.3,14.4,29.8,104,96,2.9,6.9,9.8,0.163,0,3
"328","Pervis Ellison","119","PF",29,"BOS",6,4,125,6,16,0.375,0,0,NA,6,16,0.375,3,5,0.6,9,17,26,4,5,9,7,21,15,6.5,0.412,0.375,0.313,0,7.7,17,12,4.4,2,5.4,27.8,8.7,82,108,-0.1,0.1,0,-0.001,0,0
"329","Pete Chilcutt","68","PF",28,"VAN",54,1,662,72,165,0.436,25,69,0.362,47,96,0.49,13,22,0.591,67,89,156,47,26,17,28,52,182,14.5,0.521,0.512,0.133,0.418,11.6,15.8,13.7,11.8,2.1,2,13.8,14.2,110,110,0.7,0.4,1.1,0.08,0,0
"330","Pooh Richardson","320","PG",30,"LAC",59,18,1065,131,344,0.381,42,128,0.328,89,216,0.412,26,43,0.605,25,73,98,169,54,5,62,82,330,11.8,0.455,0.442,0.125,0.372,2.6,8.3,5.4,25.3,2.7,0.4,14.6,17.8,99,109,0.1,0.8,1,0.043,0,0
"331","Popeye Jones","192","PF",26,"TOR",79,61,2421,258,537,0.48,1,13,0.077,257,524,0.49,99,121,0.818,270,410,680,84,58,39,116,269,616,12,0.522,0.481,0.225,0.024,12.7,20.4,16.4,5.6,1.3,1.3,16.4,13.1,108,108,2,2.2,4.2,0.083,0,0
"332","Priest Lauderdale","212","C",23,"ATL",35,0,180,49,89,0.551,0,1,0,49,88,0.557,13,23,0.565,16,27,43,12,1,9,37,39,111,13.6,0.56,0.551,0.258,0.011,10.8,17.5,14.2,15.2,0.3,3.9,27.2,35.7,86,103,-0.5,0.3,-0.2,-0.048,0,0
"333","Rafael Addison","3","SF",32,"CHH",41,3,355,49,122,0.402,8,20,0.4,41,102,0.402,22,28,0.786,19,26,45,34,8,3,17,52,128,10.6,0.476,0.434,0.23,0.164,6.7,8.6,7.7,15.5,1.2,0.6,11.2,20.1,103,112,0.2,0.1,0.4,0.048,0,0
"334","Randolph Childress","69","PG",24,"TOT",23,0,155,14,40,0.35,5,19,0.263,9,21,0.429,6,8,0.75,1,5,6,17,9,0,18,16,39,4.5,0.448,0.413,0.2,0.475,0.8,3.8,2.3,16.6,3.1,0,29.3,18.3,78,105,-0.4,0.2,-0.2,-0.054,0,0
"335","Randy Brown","46","PG",28,"CHI",72,3,1057,140,333,0.42,4,22,0.182,136,311,0.437,57,84,0.679,34,77,111,133,81,17,58,116,341,13,0.461,0.426,0.252,0.066,3.7,8.1,5.9,18,4.1,1.2,13.6,18.1,102,100,0.4,2,2.4,0.107,0,0
"336","Randy Livingston","218","PG",21,"HOU",64,0,981,100,229,0.437,9,22,0.409,91,207,0.44,42,65,0.646,32,62,94,155,39,12,102,107,251,8.3,0.487,0.456,0.284,0.096,4,7,5.6,23.8,2.1,0.9,28.4,16.7,91,106,-0.8,1.1,0.3,0.012,0,0
"337","Rasheed Wallace","404","PF",22,"POR",62,56,1892,380,681,0.558,9,33,0.273,371,648,0.573,169,265,0.638,122,297,419,74,48,59,114,198,938,18.4,0.588,0.565,0.389,0.048,7.9,18.1,13.1,7.1,1.3,2.4,12.5,21.7,113,103,3.5,2.9,6.4,0.163,0,0
"338","Ray Allen","6","SG",21,"MIL",82,81,2532,390,908,0.43,117,298,0.393,273,610,0.448,205,249,0.823,97,229,326,210,75,10,149,218,1102,14.6,0.541,0.494,0.274,0.328,4.7,11,7.9,13.9,1.6,0.3,12.8,21.4,109,110,3.3,1.5,4.9,0.092,0,0
"339","Ray Owes","292","PF",24,"GSW",57,1,592,75,180,0.417,1,5,0.2,74,175,0.423,26,46,0.565,64,99,163,15,15,20,23,86,177,11.1,0.442,0.419,0.256,0.028,12.8,19.9,16.3,4,1.3,2.6,10.3,16.8,99,110,0.1,0.4,0.4,0.036,0,0
"340","Reggie Geary","135","PG",23,"CLE",39,0,246,22,58,0.379,8,21,0.381,14,37,0.378,5,11,0.455,4,11,15,36,13,2,15,36,57,8.7,0.454,0.448,0.19,0.362,2.1,5.9,4,24.7,3.1,0.7,19.3,15.8,95,103,-0.1,0.4,0.3,0.056,0,0
"341","Reggie Jordan","194","SG",29,"TOT",19,0,130,16,26,0.615,0,0,NA,16,26,0.615,8,17,0.471,11,16,27,12,7,3,8,15,40,15.7,0.597,0.615,0.654,0,10.3,14.2,12.3,14.1,2.8,1.8,19.3,14.5,111,102,0.2,0.2,0.4,0.136,0,0
"342","Reggie Miller","257","SG",31,"IND",81,81,2966,552,1244,0.444,229,536,0.427,323,708,0.456,418,475,0.88,53,233,286,273,75,25,166,172,1751,20.2,0.603,0.536,0.382,0.431,2.2,9.2,5.8,17.4,1.4,0.7,10.3,25.2,121,108,9.6,2.7,12.3,0.2,0,0
"343","Reggie Slater","359","PF",26,"TOR",26,0,406,82,149,0.55,0,2,0,82,147,0.558,39,75,0.52,40,55,95,21,9,6,29,34,203,17.8,0.558,0.55,0.503,0.013,11.2,16.3,13.7,9.8,1.2,1.2,13.7,23.3,107,109,0.5,0.3,0.8,0.095,0,0
"344","Reggie Williams","429","SF",32,"TOT",13,0,200,29,76,0.382,9,34,0.265,20,42,0.476,9,12,0.75,5,26,31,10,8,4,12,33,76,9.2,0.468,0.441,0.158,0.447,2.6,15,8.6,8.2,2.1,1.5,12.9,20.1,95,108,-0.1,0.2,0.1,0.024,0,0
"345","Rex Chapman","66","SG",29,"PHO",65,33,1833,332,749,0.443,110,314,0.35,222,435,0.51,124,149,0.832,25,156,181,182,52,7,96,108,898,15.2,0.551,0.517,0.199,0.419,1.6,9.9,5.8,16.3,1.5,0.3,10.5,22.4,108,111,2.4,0.9,3.3,0.086,0,0
"346","Rex Walters","405","SG",26,"PHI",59,16,1041,148,325,0.455,57,148,0.385,91,177,0.514,49,62,0.79,21,86,107,113,28,3,61,75,402,13,0.571,0.543,0.191,0.455,2.1,9.2,5.6,17.6,1.4,0.2,14.8,16.8,113,115,1.5,0.1,1.6,0.073,0,0
"347","Rich Manning","232","PF",26,"TOT",26,2,201,32,82,0.39,2,4,0.5,30,78,0.385,9,14,0.643,16,23,39,3,4,2,7,29,75,8.9,0.425,0.402,0.171,0.049,9,13.6,11.3,2.6,1.1,0.8,7.4,21.7,92,112,-0.1,0.1,-0.1,-0.017,0,0
"348","Rick Fox","129","SF",27,"BOS",76,75,2650,433,950,0.456,101,278,0.363,332,672,0.494,207,263,0.787,114,280,394,286,167,40,178,279,1174,16.5,0.551,0.509,0.277,0.293,4.6,13.2,8.6,17.8,3.2,1.1,14.3,20.1,108,109,3.3,1.9,5.2,0.094,0,0
"349","Rick Mahorn","227","C",38,"DET",22,7,218,20,54,0.37,0,1,0,20,53,0.377,16,22,0.727,19,34,53,6,4,3,10,34,56,8.8,0.44,0.37,0.407,0.019,11.1,19,15.1,4.4,1,1.1,13.6,16.7,96,104,0,0.3,0.3,0.055,0,0
"350","Ricky Pierce","304","SG",37,"TOT",60,27,1250,239,497,0.481,42,95,0.442,197,402,0.49,139,155,0.897,36,85,121,80,28,9,68,97,659,16.4,0.583,0.523,0.312,0.191,3.5,7.8,5.7,11.5,1.2,0.5,10.7,23.2,113,113,2.5,0.3,2.7,0.105,0,0
"351","Rik Smits","367","C",30,"IND",52,52,1518,356,733,0.486,2,8,0.25,354,725,0.488,173,217,0.797,105,256,361,67,22,59,126,175,887,18.3,0.535,0.487,0.296,0.011,8.4,19.8,14.2,9.2,0.8,3.2,13.2,29.1,103,104,1.2,2.1,3.3,0.105,0,0
"352","Robert Horry","173","SF",26,"TOT",54,29,1395,157,360,0.436,49,154,0.318,108,206,0.524,60,90,0.667,68,169,237,110,66,55,72,153,423,13,0.529,0.504,0.25,0.428,5.7,13.9,9.8,11.9,2.5,3,15.3,15.2,106,104,1,1.9,2.9,0.098,0,0
"353","Robert Pack","293","PG",27,"TOT",54,42,1782,272,693,0.392,31,112,0.277,241,581,0.415,196,243,0.807,28,118,146,452,94,6,217,139,771,15,0.482,0.415,0.351,0.162,1.7,7.7,4.6,43,2.8,0.3,21.3,24.9,98,110,0,1.1,1.1,0.029,0,0
"354","Robert Parish","294","C",43,"CHI",43,3,406,70,143,0.49,0,0,NA,70,143,0.49,21,31,0.677,42,47,89,22,6,19,28,40,161,14.3,0.514,0.49,0.217,0,11.9,12.9,12.4,8.2,0.8,3.5,15.2,20.3,104,104,0.3,0.6,0.9,0.101,0,0
"355","Robert Werdann","411","C",26,"NJN",6,0,31,3,7,0.429,0,0,NA,3,7,0.429,3,3,1,3,3,6,0,2,1,2,10,9,8.7,0.541,0.429,0.429,0,9.9,11.1,10.5,0,3.4,2.4,19.4,14.2,104,106,0,0,0,0.077,0,0
"356","Rod Strickland","382","PG",30,"WSB",82,81,2997,515,1105,0.466,13,77,0.169,502,1028,0.488,367,497,0.738,95,240,335,727,143,14,270,166,1410,19.7,0.533,0.472,0.45,0.07,3.8,9.2,6.5,38.1,2.5,0.3,16.9,23.9,110,106,5.5,3.3,8.8,0.141,0,0
"357","Rodney Rogers","334","SF",25,"LAC",81,62,2480,408,884,0.462,65,180,0.361,343,704,0.487,191,288,0.663,137,274,411,222,88,61,221,272,1072,14.2,0.53,0.498,0.326,0.204,6.2,13.4,9.7,15.3,1.9,1.9,17.9,22.2,100,108,0.7,2.2,2.9,0.056,0,0
"358","Ron Harper","159","SG",33,"CHI",76,74,1740,177,406,0.436,68,188,0.362,109,218,0.5,58,82,0.707,46,147,193,191,86,38,50,138,480,13.6,0.543,0.52,0.202,0.463,3,9.4,6.3,15.1,2.6,1.6,10.2,12.6,120,102,3,2.7,5.7,0.157,0,0
"359","Rony Seikaly","355","C",31,"ORL",74,68,2615,460,907,0.507,0,3,0,460,904,0.509,357,500,0.714,274,427,701,92,49,107,218,275,1277,18.3,0.567,0.507,0.551,0.003,12,19.6,15.7,6.5,1,3.2,16.2,23.7,107,105,3.5,3.3,6.8,0.125,0,0
"360","Roy Rogers","335","PF",23,"VAN",82,50,1848,244,483,0.505,1,1,1,243,482,0.504,54,94,0.574,139,247,386,46,21,163,86,214,543,12.6,0.518,0.506,0.195,0.002,8.6,15.7,12.1,4.3,0.6,6.7,14.1,15.3,100,110,0.3,1.1,1.4,0.037,0,0
"361","Ruben Nembhard","276","SG-PG",24,"TOT",10,0,113,16,37,0.432,0,6,0,16,31,0.516,8,10,0.8,3,5,8,17,9,0,8,12,40,13.3,0.483,0.432,0.27,0.162,3.5,5.2,4.4,24.2,4.2,0,16.2,20.1,101,103,0,0.2,0.2,0.085,0,0
"362","Rumeal Robinson","330","PG",30,"TOT",54,3,508,66,164,0.402,18,56,0.321,48,108,0.444,26,35,0.743,6,41,47,73,24,2,43,60,176,10.5,0.491,0.457,0.213,0.341,1.4,9.3,5.4,22.6,2.5,0.3,19.3,19.7,96,105,-0.1,0.6,0.5,0.046,0,0
"363","Sam Cassell","62","PG",27,"TOT",61,44,1714,337,783,0.43,81,231,0.351,256,552,0.464,212,251,0.845,47,135,182,305,77,19,168,200,967,18.4,0.541,0.482,0.321,0.295,3,9.1,6,31.8,2.3,0.8,15.8,27.3,108,110,2.7,1.1,3.9,0.108,0,0
"364","Sam Mack","225","SF",26,"HOU",52,10,904,105,262,0.401,47,142,0.331,58,120,0.483,35,42,0.833,20,86,106,58,29,6,42,67,292,10.2,0.521,0.49,0.16,0.542,2.7,10.5,6.8,9.9,1.7,0.5,13,16.2,103,106,0.4,1,1.3,0.071,0,0
"365","Sam Mitchell","261","SF",33,"MIN",82,5,2044,269,603,0.446,4,25,0.16,265,578,0.458,224,295,0.759,112,214,326,79,51,20,93,232,766,11.8,0.523,0.449,0.489,0.041,6.5,12.3,9.4,6.3,1.3,0.7,11.3,18.5,106,109,1.8,1.5,3.3,0.077,0,0
"366","Sam Perkins","299","C",35,"SEA",81,4,1976,290,661,0.439,122,309,0.395,168,352,0.477,187,229,0.817,74,226,300,103,69,49,77,134,889,17,0.584,0.531,0.346,0.467,4.5,13.8,9.2,8.5,1.9,2.1,9.2,19.4,119,104,4.4,2.7,7.1,0.173,0,0
"367","Samaki Walker","401","PF",20,"DAL",43,12,602,83,187,0.444,0,1,0,83,186,0.446,48,74,0.649,47,100,147,17,15,22,39,71,214,12.2,0.487,0.444,0.396,0.005,8.9,19.6,14.2,4.9,1.3,2.9,15.1,19.7,95,106,-0.2,0.7,0.5,0.037,0,0
"368","Sarunas Marciulionis","234","SG",32,"DEN",17,0,255,38,101,0.376,11,30,0.367,27,71,0.38,29,36,0.806,12,18,30,25,12,1,40,38,116,8.1,0.496,0.431,0.356,0.297,5.4,8,6.7,16.7,2.4,0.3,25.5,27.5,85,112,-0.6,0.1,-0.5,-0.085,0,0
"369","Sasha Danilovic","84","SG",26,"TOT",56,42,1789,248,570,0.435,85,236,0.36,163,334,0.488,121,151,0.801,29,107,136,102,54,9,116,160,702,10.9,0.552,0.51,0.265,0.414,1.9,7,4.5,10,1.6,0.4,15.4,19.6,102,106,0.8,2,2.8,0.074,0,0
"370","Scott Brooks","40","PG",31,"NYK",38,0,251,19,39,0.487,5,12,0.417,14,27,0.519,14,15,0.933,6,12,18,29,21,0,17,35,57,11,0.625,0.551,0.385,0.308,3,5.5,4.3,17.8,4.4,0,27.2,11.5,109,99,0.2,0.5,0.7,0.136,0,0
"371","Scott Burrell","51","SF",26,"TOT",57,2,939,98,271,0.362,41,116,0.353,57,155,0.368,57,76,0.75,49,109,158,74,28,19,53,120,294,10.3,0.483,0.437,0.28,0.428,6.4,13.7,10.1,12.1,1.6,1.5,14.8,17.4,101,110,0.3,0.5,0.8,0.042,0,0
"372","Scott Williams","430","C",28,"PHI",62,52,1317,162,318,0.509,0,2,0,162,316,0.513,38,55,0.691,155,242,397,41,44,41,50,206,362,13.2,0.529,0.509,0.173,0.006,12.5,20.5,16.4,4.9,1.7,2.2,12.7,12.6,113,108,1.5,1.1,2.6,0.094,0,0
"373","Scottie Pippen","306","SF",31,"CHI",82,82,3095,648,1366,0.474,156,424,0.368,492,942,0.522,204,291,0.701,160,371,531,467,154,45,214,213,1656,21.3,0.554,0.531,0.213,0.31,5.9,13.3,9.7,24.3,2.7,1.1,12.5,24.6,115,101,7.8,5.2,13.1,0.203,0,2
"374","Sean Elliott","116","SF",28,"SAS",39,39,1393,196,464,0.422,42,126,0.333,154,338,0.456,148,196,0.755,48,142,190,124,24,24,89,105,582,14,0.529,0.468,0.422,0.272,4,12.7,8.2,15.5,0.9,1.4,13.9,21.3,106,115,1.4,0.1,1.5,0.051,0,0
"375","Sean Rooks","336","C",27,"LAL",69,3,735,87,185,0.47,0,1,0,87,184,0.473,91,130,0.7,56,107,163,42,17,38,51,123,265,13.4,0.547,0.47,0.703,0.005,8.8,16.5,12.7,8.9,1.2,3.9,17.4,17.9,106,103,0.7,1.1,1.8,0.115,0,0
"376","Sedale Threatt","392","SG",35,"HOU",21,0,334,28,74,0.378,8,20,0.4,20,54,0.37,6,8,0.75,5,19,24,40,15,3,13,29,70,8.5,0.451,0.432,0.108,0.27,1.8,6.3,4.2,17.6,2.4,0.7,14.4,12.3,100,106,0.1,0.4,0.4,0.061,0,0
"377","Shandon Anderson","12","SG",23,"UTA",65,0,1066,147,318,0.462,24,47,0.511,123,271,0.454,68,99,0.687,52,127,179,49,27,8,73,113,386,10.4,0.534,0.5,0.311,0.148,6.5,14,10.5,7.1,1.4,0.6,16.8,18.9,99,106,0.1,1.2,1.2,0.056,0,0
"378","Shane Heal","165","PG",26,"MIN",43,0,236,26,97,0.268,20,65,0.308,6,32,0.188,3,5,0.6,2,16,18,33,3,3,17,20,75,5,0.378,0.371,0.052,0.67,1,8,4.5,22.1,0.7,1,14.6,22.5,82,112,-0.5,0.1,-0.4,-0.086,0,0
"379","Shaquille O'Neal","284","C",24,"LAL",51,51,1941,552,991,0.557,0,4,0,552,987,0.559,232,479,0.484,195,445,640,159,46,147,146,180,1336,27.1,0.556,0.557,0.483,0.004,11.6,25.9,18.8,17.3,1.2,5.8,10.8,31.1,110,99,4.1,3.9,8,0.197,0,1
"380","Shareef Abdur-Rahim","2","PF",20,"VAN",80,71,2802,550,1214,0.453,7,27,0.259,543,1187,0.457,387,519,0.746,216,339,555,175,79,79,225,199,1494,17.4,0.518,0.456,0.428,0.022,8.8,14.2,11.5,12.1,1.5,2.2,13.5,27.6,102,112,1.7,1.2,2.9,0.049,0,0
"381","Sharone Wright","440","C",24,"TOR",60,28,1009,161,403,0.4,0,1,0,161,402,0.4,68,133,0.511,79,107,186,28,15,50,93,146,390,7.4,0.423,0.4,0.33,0.002,8.9,12.8,10.8,4.9,0.8,4,16.8,24.6,82,109,-2.3,0.7,-1.6,-0.076,0,0
"382","Shawn Bradley","36","C",24,"TOT",73,70,2288,406,905,0.449,0,8,0,406,897,0.453,149,228,0.654,221,390,611,52,40,248,134,237,961,16.5,0.478,0.449,0.252,0.009,10.4,19.8,14.9,4.2,0.9,8.3,11.8,22.1,98,105,0,3,3,0.062,0,0
"383","Shawn Kemp","196","PF",27,"SEA",81,75,2750,526,1032,0.51,12,33,0.364,514,999,0.515,452,609,0.742,275,532,807,156,125,81,280,320,1516,20.7,0.583,0.516,0.59,0.032,12.1,23.3,17.7,10,2.4,2.5,17.7,26.3,109,99,4.6,5.4,10,0.174,0,0
"384","Shawn Respert","318","SG",24,"TOT",41,0,495,59,139,0.424,20,57,0.351,39,82,0.476,34,39,0.872,14,25,39,40,20,2,30,40,172,11.5,0.551,0.496,0.281,0.41,3.3,6.1,4.7,13.1,2.1,0.3,16.1,16.9,107,111,0.5,0.2,0.7,0.068,0,0
"385","Shawnelle Scott","353","C",24,"CLE",16,0,50,8,16,0.5,0,0,NA,8,16,0.5,4,11,0.364,8,8,16,0,0,3,0,6,20,18.7,0.48,0.5,0.688,0,20.5,21.2,20.8,0,0,5.4,0,20.8,113,102,0.1,0.1,0.2,0.17,0,0
"386","Sherman Douglas","101","PG",30,"MIL",79,79,2316,306,610,0.502,38,114,0.333,268,496,0.54,114,171,0.667,57,136,193,427,78,10,153,191,764,14.6,0.557,0.533,0.28,0.187,3,7.2,5.1,29.7,1.8,0.3,18.3,16.8,111,111,3.4,1.2,4.6,0.095,0,0
"387","Stacey Augmon","19","SG",28,"TOT",60,10,942,105,220,0.477,0,0,NA,105,220,0.477,69,97,0.711,47,91,138,56,42,17,64,87,279,11.3,0.531,0.477,0.441,0,6.2,11.4,8.8,9.4,2.4,1.5,19.6,16.2,100,103,0.2,1.3,1.5,0.076,0,0
"388","Stacey King","203","C",30,"TOT",11,0,103,11,22,0.5,0,0,NA,11,22,0.5,2,7,0.286,11,16,27,1,2,1,6,14,24,7.7,0.478,0.5,0.318,0,12.1,18.8,15.2,1.6,1,0.7,19.3,13.6,90,110,-0.1,0.1,0,-0.005,0,0
"389","Stanley Roberts","324","C",26,"LAC",18,2,378,63,148,0.426,0,0,NA,63,148,0.426,45,64,0.703,24,67,91,9,8,23,23,57,171,14.1,0.485,0.426,0.432,0,7.1,21.5,14,4.1,1.1,4.8,11.5,23.5,98,105,0,0.5,0.5,0.06,0,0
"390","Stephen Howard","176","SF",26,"TOT",49,0,418,62,108,0.574,0,0,NA,62,108,0.574,52,81,0.642,29,56,85,11,19,12,25,62,176,16,0.613,0.574,0.75,0,9,15.9,12.6,4.2,2.5,2.4,14.8,18.7,113,103,0.7,0.6,1.3,0.149,0,0
"391","Stephon Marbury","233","PG",19,"MIN",67,64,2324,355,871,0.408,102,288,0.354,253,583,0.434,245,337,0.727,54,130,184,522,67,19,210,159,1057,16.1,0.519,0.466,0.387,0.331,2.8,6.6,4.7,38.1,1.5,0.6,17.1,24.2,105,111,2.5,1.2,3.7,0.077,0,0
"392","Steve Hamer","153","C",23,"BOS",35,3,268,30,57,0.526,0,2,0,30,55,0.545,16,29,0.552,17,43,60,7,2,4,13,39,76,8.9,0.545,0.526,0.509,0.035,6.8,20,12.9,4,0.4,1.1,15.7,13.3,103,113,0.1,0.1,0.2,0.031,0,0
"393","Steve Kerr","198","PG",31,"CHI",82,0,1861,249,467,0.533,110,237,0.464,139,230,0.604,54,67,0.806,29,101,130,175,67,3,43,98,662,15.6,0.667,0.651,0.143,0.507,1.8,6,3.9,13.5,1.9,0.1,8,12.9,137,106,5.4,2,7.5,0.192,0,0
"394","Steve Nash","275","PG",22,"PHO",65,2,684,74,175,0.423,23,55,0.418,51,120,0.425,42,51,0.824,16,47,63,138,20,0,63,92,213,10.8,0.539,0.489,0.291,0.314,2.8,8,5.4,29.5,1.5,0,24.2,17.1,103,112,0.4,0.3,0.7,0.047,0,0
"395","Steve Scheffler","346","C",29,"SEA",7,0,29,6,7,0.857,0,0,NA,6,7,0.857,1,2,0.5,1,2,3,0,0,0,5,5,13,7.2,0.825,0.857,0.286,0,4.2,8.3,6.2,0,0,0,38.8,20.3,83,111,0,0,0,-0.056,0,0
"396","Steve Smith","364","SG",27,"ATL",72,72,2818,491,1145,0.429,130,388,0.335,361,757,0.477,333,393,0.847,90,148,238,305,62,23,176,173,1445,17.4,0.548,0.486,0.343,0.339,3.9,6.1,5,20.2,1.2,0.6,11.8,25,114,108,6.5,2.6,9.1,0.154,0,1
"397","Stevin Smith","365","SG",25,"DAL",8,0,60,6,18,0.333,1,6,0.167,5,12,0.417,1,1,1,2,8,10,4,1,0,4,9,14,3.3,0.38,0.361,0.056,0.333,3.8,15.7,9.7,10.9,0.9,0,17.8,17.2,78,110,-0.1,0,-0.1,-0.072,0,0
"398","Stojko Vrankovic","399","C",33,"MIN",53,35,766,78,139,0.561,0,0,NA,78,139,0.561,25,37,0.676,57,111,168,14,10,67,52,121,181,10.1,0.583,0.561,0.266,0,8.9,17,13,2.9,0.7,6.6,25.1,12.4,97,105,-0.1,0.9,0.9,0.055,0,0
"399","Terrell Brandon","38","PG",26,"CLE",78,78,2868,575,1313,0.438,101,271,0.373,474,1042,0.455,268,297,0.902,48,253,301,490,138,30,178,177,1519,21.5,0.526,0.476,0.226,0.206,2.1,11.7,6.8,35.6,2.8,0.9,11,28.3,111,102,6.2,4.7,10.8,0.181,0,0
"400","Terry Cummings","78","PF",35,"SEA",45,3,828,155,319,0.486,3,5,0.6,152,314,0.484,57,82,0.695,70,113,183,39,33,7,45,113,370,15.2,0.521,0.491,0.257,0.016,10.2,16.4,13.3,8.3,2.1,0.7,11.2,22.1,106,103,0.9,1.2,2.1,0.121,0,0
"401","Terry Dehere","94","PG",25,"LAC",73,3,1053,148,383,0.386,52,160,0.325,96,223,0.43,122,148,0.824,15,80,95,158,27,3,96,142,470,12.4,0.524,0.454,0.386,0.418,1.6,9.2,5.3,24.6,1.3,0.2,17.6,23.1,103,111,0.7,0.5,1.2,0.056,0,0
"402","Terry Mills","259","PF",29,"DET",79,5,1997,312,702,0.444,175,415,0.422,137,287,0.477,58,70,0.829,68,309,377,99,35,27,85,161,857,16.4,0.585,0.569,0.1,0.591,4.3,18.8,11.7,8.9,1,1.1,10.4,20.3,114,105,3.6,2.5,6.2,0.148,0,0
"403","Terry Porter","308","PG",33,"MIN",82,20,1568,187,449,0.416,67,200,0.335,120,249,0.482,127,166,0.765,31,145,176,295,54,11,128,104,568,14.5,0.544,0.491,0.37,0.445,2.4,10.9,6.6,30.2,1.8,0.5,19.7,19,106,109,1.5,1.2,2.7,0.082,0,0
"404","Theo Ratliff","313","C",23,"DET",76,38,1292,179,337,0.531,0,0,NA,179,337,0.531,81,116,0.698,109,147,256,13,29,111,56,181,439,15.9,0.566,0.531,0.344,0,10.7,13.9,12.3,1.8,1.3,7.1,12.6,17,111,102,1.8,2.1,3.9,0.144,0,0
"405","Tim Hardaway","157","PG",30,"MIA",81,81,3136,575,1384,0.415,203,590,0.344,372,794,0.469,291,364,0.799,49,228,277,695,151,9,230,165,1644,20.8,0.532,0.489,0.263,0.426,1.9,8.5,5.2,41.9,2.6,0.2,13,26.6,113,102,7.9,5,12.9,0.198,0,1
"406","Tim Kempton","197","PF",33,"SAS",10,0,59,1,5,0.2,0,0,NA,1,5,0.2,2,2,1,3,5,8,2,1,1,7,4,4,-1,0.34,0.2,0.4,0,5.9,10.5,8.1,4.8,0.9,1.4,54.3,10.2,49,116,-0.2,0,-0.2,-0.167,0,0
"407","Tim Legler","214","SG",30,"WSB",15,0,182,15,48,0.313,8,29,0.276,7,19,0.368,6,7,0.857,0,21,21,7,3,5,9,21,44,4.4,0.431,0.396,0.146,0.604,0,13.3,6.8,5.3,0.9,2.1,15,14.8,83,107,-0.2,0.2,0,-0.01,0,0
"408","Todd Day","92","SG",27,"BOS",81,27,2277,398,999,0.398,126,348,0.362,272,651,0.418,256,331,0.773,109,221,330,117,108,48,127,208,1178,15.5,0.515,0.461,0.331,0.348,5.1,12.1,8.3,8.6,2.4,1.6,10,24,105,111,2.1,1.2,3.2,0.068,0,0
"409","Todd Fuller","130","C",22,"GSW",75,18,949,114,266,0.429,0,0,NA,114,266,0.429,76,110,0.691,108,141,249,24,10,20,52,146,304,10.4,0.483,0.429,0.414,0,13.5,17.7,15.6,4,0.6,1.6,14.2,17.2,102,113,0.4,0.3,0.7,0.034,0,0
"410","Tom Chambers","65","PF",37,"CHH",12,5,83,7,31,0.226,2,3,0.667,5,28,0.179,3,4,0.75,3,11,14,4,1,0,9,14,19,-3.9,0.29,0.258,0.129,0.097,4.5,15.6,10.2,7.2,0.7,0,21.6,23.7,58,111,-0.5,0,-0.4,-0.239,0,0
"411","Tom Gugliotta","150","PF",27,"MIN",81,81,3131,592,1339,0.442,24,93,0.258,568,1246,0.456,464,566,0.82,187,515,702,335,130,89,293,237,1672,19,0.526,0.451,0.423,0.069,7.1,19.3,13.3,19.3,2.2,2.1,15.6,27.5,103,104,2.6,4.2,6.7,0.103,0,1
"412","Tom Hammonds","154","PF",29,"DEN",81,8,1758,191,398,0.48,0,2,0,191,396,0.482,124,172,0.721,135,266,401,64,16,24,88,205,506,10.1,0.534,0.48,0.432,0.005,8.9,17,13,5.8,0.5,0.9,15.7,14.3,105,113,1.1,0.6,1.7,0.046,0,0
"413","Toni Kukoc","208","SF",28,"CHI",57,15,1610,285,605,0.471,50,151,0.331,235,454,0.518,134,174,0.77,94,167,261,256,60,29,91,97,754,20.2,0.553,0.512,0.288,0.25,6.7,11.5,9.2,24.3,2,1.4,11.8,21.4,119,103,4.5,2.3,6.9,0.204,0,0
"414","Tony Delk","97","PG",23,"CHH",61,1,867,119,256,0.465,52,112,0.464,67,144,0.465,42,51,0.824,31,68,99,99,36,6,68,71,332,14.2,0.596,0.566,0.199,0.438,4.5,9.2,6.9,18.5,2.3,0.5,19.6,18.8,108,110,1,0.6,1.6,0.087,0,0
"415","Tony Dumas","108","SG",24,"TOT",24,1,278,33,96,0.344,4,28,0.143,29,68,0.426,16,25,0.64,3,13,16,25,10,2,16,45,86,5.2,0.402,0.365,0.26,0.292,1.2,5.5,3.3,15,1.9,0.6,13,20.3,84,111,-0.5,0.1,-0.3,-0.055,0,0
"416","Tony Massenburg","241","PF",29,"NJN",79,49,1954,219,452,0.485,0,1,0,219,451,0.486,130,206,0.631,222,295,517,23,38,50,91,217,568,11.9,0.523,0.485,0.456,0.002,11.6,17.4,14.3,1.8,1,1.9,14.4,13.8,107,110,1.6,1.2,2.8,0.069,0,0
"417","Tony Smith","366","PG",28,"CHH",69,39,1291,138,337,0.409,32,99,0.323,106,238,0.445,38,59,0.644,38,56,94,150,48,19,73,110,346,9.4,0.477,0.457,0.175,0.294,3.7,5.1,4.4,17.9,2,1.1,16.7,15.9,98,111,0,0.6,0.6,0.024,0,0
"418","Tracy Moore","264","SG",31,"HOU",27,1,237,33,85,0.388,11,43,0.256,22,42,0.524,22,31,0.71,11,15,26,20,5,0,14,19,99,11.4,0.502,0.453,0.365,0.506,5.7,7,6.4,13.5,1.1,0,12.4,21.6,103,109,0.1,0.2,0.3,0.066,0,0
"419","Tracy Murray","272","SF",25,"WSB",82,1,1814,288,678,0.425,106,300,0.353,182,378,0.481,135,161,0.839,84,169,253,78,69,19,86,150,817,14.6,0.546,0.503,0.237,0.442,5.5,10.7,8.2,6.6,2,0.8,10.3,20.7,110,106,2.4,1.9,4.4,0.116,0,0
"420","Travis Best","28","PG",24,"IND",76,46,2064,274,620,0.442,57,155,0.368,217,465,0.467,149,197,0.756,36,130,166,318,98,5,153,221,754,13.3,0.533,0.488,0.318,0.25,2.1,7.4,4.8,26.4,2.6,0.2,17.8,19.3,105,106,1.8,2.3,4.1,0.096,0,0
"421","Travis Knight","206","C",22,"LAL",71,14,1156,140,275,0.509,0,0,NA,140,275,0.509,62,100,0.62,130,189,319,39,31,58,49,170,342,14.1,0.536,0.509,0.364,0,13,18.5,15.7,5.3,1.4,3.8,13.3,14.3,112,102,1.4,1.8,3.3,0.137,0,0
"422","Tyrone Corbin","75","SF",34,"ATL",70,65,2305,253,600,0.422,74,208,0.356,179,392,0.457,86,108,0.796,76,218,294,124,90,7,85,176,666,11,0.514,0.483,0.18,0.347,4,11,7.6,9,2.2,0.2,11.6,15,107,104,1.8,3.1,5,0.104,0,0
"423","Tyrone Hill","170","C",28,"CLE",74,70,2582,357,595,0.6,0,1,0,357,594,0.601,241,381,0.633,259,477,736,92,63,30,147,268,955,17.8,0.626,0.6,0.64,0.002,12.9,24.4,18.6,6.6,1.4,1,16.2,17.6,117,101,5.3,4.6,9.9,0.184,0,0
"424","Tyus Edney","110","PG",23,"SAC",70,20,1376,150,391,0.384,8,42,0.19,142,349,0.407,177,215,0.823,34,79,113,226,60,2,112,98,485,12.7,0.499,0.394,0.55,0.107,2.9,6.8,4.8,25.4,2.3,0.1,18.7,19.5,102,110,0.7,0.8,1.5,0.054,0,0
"425","Vernon Maxwell","242","SG",31,"SAS",72,31,2068,340,906,0.375,115,372,0.309,225,534,0.421,134,180,0.744,27,132,159,153,87,19,121,168,929,11.8,0.471,0.439,0.199,0.411,1.5,7.9,4.6,13.4,2.3,0.7,10.9,24.9,97,114,-0.4,0.3,0,-0.001,0,0
"426","Vin Baker","21","PF",25,"MIL",78,78,3159,632,1251,0.505,15,54,0.278,617,1197,0.515,358,521,0.687,267,537,804,211,81,112,245,275,1637,20.1,0.553,0.511,0.416,0.043,10.4,20.7,15.6,12.1,1.4,2.7,14.2,25.3,108,106,4.9,3.4,8.3,0.127,0,0
"427","Vincent Askew","17","SG",30,"TOT",43,0,838,81,186,0.435,7,24,0.292,74,162,0.457,70,88,0.795,25,73,98,90,17,6,46,123,239,9.7,0.532,0.454,0.473,0.129,3.6,10.2,7,17.3,1.1,0.6,17,14.9,107,108,0.7,0.8,1.5,0.086,0,0
"428","Vinny Del Negro","95","SG",30,"SAS",72,53,2243,365,781,0.467,44,140,0.314,321,641,0.501,112,129,0.868,39,171,210,231,59,7,92,131,886,14.4,0.529,0.496,0.165,0.179,2,9.5,5.6,18.6,1.4,0.2,9.9,19.3,111,116,3.2,-0.1,3.1,0.066,0,0
"429","Vitaly Potapenko","309","C",21,"CLE",80,3,1238,186,423,0.44,1,2,0.5,185,421,0.439,92,125,0.736,105,112,217,40,26,34,109,216,465,9.5,0.486,0.441,0.296,0.005,10.9,12,11.4,6.1,1.2,2.5,18.6,23.7,91,104,-1.2,1.7,0.5,0.02,0,0
"430","Vlade Divac","99","C",28,"CHH",81,80,2840,418,847,0.494,11,47,0.234,407,800,0.509,177,259,0.683,241,484,725,301,103,180,193,277,1024,17.9,0.533,0.5,0.306,0.055,10.6,20,15.5,17.5,2,4.7,16.7,19.1,108,104,3.4,3.9,7.3,0.123,0,0
"431","Voshon Lenard","215","SG",23,"MIA",73,47,2111,314,684,0.459,183,442,0.414,131,242,0.541,86,105,0.819,38,179,217,161,50,18,109,168,897,14.7,0.614,0.593,0.154,0.646,2.2,9.9,6.1,13.5,1.3,0.7,13,18.7,116,104,3.9,2.9,6.8,0.155,0,0
"432","Walt Williams","431","SF",26,"TOR",73,73,2647,419,982,0.427,175,437,0.4,244,545,0.448,186,243,0.765,103,264,367,197,97,62,174,282,1199,14.9,0.551,0.516,0.247,0.445,4.4,12,8.1,13,1.9,1.9,13.8,21.4,108,109,3.3,2.1,5.4,0.098,0,0
"433","Walter McCarty","244","PF",22,"NYK",35,0,192,26,68,0.382,4,14,0.286,22,54,0.407,8,14,0.571,8,15,23,13,7,9,17,38,64,6.4,0.431,0.412,0.206,0.206,5.2,9.1,7.2,11.5,1.9,3.8,18.6,21.9,83,100,-0.4,0.3,0,-0.007,0,0
"434","Wayman Tisdale","393","PF",32,"PHO",53,15,778,158,371,0.426,0,0,NA,158,371,0.426,30,48,0.625,35,85,120,20,8,21,36,111,346,8.8,0.441,0.426,0.129,0,5.3,12.7,9,4.4,0.5,2,8.4,24.8,89,111,-1,0.4,-0.6,-0.037,0,0
"435","Wesley Person","301","SG",25,"PHO",80,42,2326,409,903,0.453,171,414,0.413,238,489,0.487,91,114,0.798,68,224,292,123,86,20,76,102,1080,15.9,0.567,0.548,0.126,0.458,3.4,11.2,7.3,8.6,1.9,0.6,7.4,19.9,112,110,3.7,1.5,5.2,0.108,0,0
"436","Will Perdue","298","C",31,"SAS",65,34,1918,233,410,0.568,0,0,NA,233,410,0.568,99,171,0.579,251,387,638,38,32,102,87,184,565,16.7,0.582,0.568,0.417,0,15.2,25.1,19.9,3.3,0.9,4.2,15.2,13.9,115,109,2.9,1.5,4.4,0.11,0,0
"437","Willie Anderson","13","SG",30,"MIA",28,1,303,29,64,0.453,8,19,0.421,21,45,0.467,17,20,0.85,15,27,42,34,14,4,19,36,83,12.6,0.57,0.516,0.313,0.297,6,10.4,8.2,18.2,2.5,1,20.7,14.2,111,101,0.4,0.5,0.9,0.142,0,0
"438","Willie Burton","52","SF",28,"ATL",24,2,380,39,116,0.336,13,46,0.283,26,70,0.371,57,68,0.838,11,30,41,11,8,3,26,55,148,8.6,0.507,0.392,0.586,0.397,3.5,9.2,6.4,4.8,1.2,0.6,15.1,21.3,100,106,0.1,0.4,0.5,0.06,0,0
"439","Xavier McDaniel","247","PF",33,"NJN",62,5,1170,138,355,0.389,5,25,0.2,133,330,0.403,65,89,0.73,124,194,318,65,36,17,70,144,346,10.8,0.439,0.396,0.251,0.07,10.8,19.1,14.7,8.7,1.6,1.1,15.1,16.9,97,109,-0.2,0.9,0.7,0.03,0,0
"440","Yinka Dare","85","C",24,"NJN",41,2,313,19,54,0.352,0,0,NA,19,54,0.352,19,37,0.514,35,47,82,3,4,28,21,51,57,7.2,0.406,0.352,0.685,0,11.4,17.3,14.2,1.4,0.7,6.7,23,12.4,83,107,-0.4,0.3,-0.1,-0.014,0,0
"441","Zan Tabak","386","C",26,"TOR",13,4,218,32,71,0.451,0,0,NA,32,71,0.451,20,29,0.69,20,29,49,14,6,11,21,35,84,12.5,0.501,0.451,0.408,0,10.4,16.1,13.2,11,1.5,4,20,21.5,96,107,-0.1,0.2,0.1,0.032,0,0
