,X,Player,totals.Pos,totals.Age,totals.Tm,totals.G,totals.GS,totals.MP,totals.FG,totals.FGA,totals.FG.,totals.3P,totals.3PA,totals.3P.,totals.2P,totals.2PA,totals.2P.,totals.FT,totals.FTA,totals.FT.,totals.ORB,totals.DRB,totals.TRB,totals.AST,totals.STL,totals.BLK,totals.TOV,totals.PF,totals.PTS,advanced.PER,advanced.TS.,advanced.eFG.,advanced.FTr,advanced.3PAr,advanced.ORB.,advanced.DRB.,advanced.TRB.,advanced.AST.,advanced.STL.,advanced.BLK.,advanced.TOV.,advanced.USG.,advanced.ORtg,advanced.DRtg,advanced.OWS,advanced.DWS,advanced.WS,advanced.WS.48,Pts.Won
11,11,Allen Iverson,SG,25,PHI,71,71,2979,762,1813,0.42,98,306,0.32,664,1507,0.441,585,719,0.814,50,223,273,325,178,20,237,147,2207,24,0.518,0.447,0.397,0.169,1.9,8.3,5.2,23,3.2,0.5,10,35.9,106,99,7.3,4.5,11.8,0.19,0.347704715
22,22,Anthony Mason,PF,34,MIA,80,80,3254,460,954,0.482,0,0,0,460,954,0.482,370,474,0.781,169,601,770,248,80,25,179,231,1290,17.4,0.555,0.482,0.497,0,6.2,21.9,14.1,14.2,1.4,0.6,13.3,20,109,98,6,5.6,11.6,0.171,0.21898263
78,78,Chris Webber,PF,27,SAC,70,70,2836,786,1635,0.481,2,28,0.071,784,1607,0.488,324,461,0.703,179,598,777,294,93,118,195,226,1898,24.7,0.516,0.481,0.282,0.017,7,22.1,14.8,20.6,1.7,2.8,9.6,31.6,105,97,5.8,5.2,11,0.186,0.179280397
109,109,David Robinson,C,35,SAS,80,80,2371,400,823,0.486,0,1,0,400,822,0.487,351,470,0.747,208,483,691,116,80,197,122,212,1151,23.7,0.559,0.486,0.571,0.001,10.4,22,16.5,8.8,1.8,5.8,10.6,22.8,114,92,6.4,5.7,12.1,0.246,0.161600496
208,208,Jason Kidd,PG,27,PHO,77,76,3065,451,1097,0.411,69,232,0.297,382,865,0.442,328,403,0.814,91,403,494,753,166,23,286,171,1299,19.4,0.51,0.443,0.367,0.211,3.3,15.2,9.1,41.2,2.8,0.5,18.3,22.7,104,97,4.2,5.4,9.6,0.15,0.046836228
218,218,Jerry Stackhouse,SG,26,DET,80,80,3215,774,1927,0.402,166,473,0.351,608,1454,0.418,666,810,0.822,99,216,315,410,97,54,326,160,2380,21.8,0.521,0.445,0.42,0.245,3.2,7.3,5.2,25.8,1.5,1.2,12.5,35.2,104,105,6.6,2.6,9.2,0.137,0.019851117
227,227,John Stockton,PG,38,UTA,82,82,2397,328,651,0.504,61,132,0.462,267,519,0.514,227,278,0.817,54,173,227,713,132,21,203,194,944,22.3,0.61,0.551,0.427,0.203,2.9,8.8,5.9,48.7,2.9,0.7,20.8,18.8,120,103,8.2,2.6,10.8,0.216,0.006513648
235,235,Karl Malone,PF,37,UTA,81,81,2895,670,1345,0.498,2,5,0.4,668,1340,0.499,536,676,0.793,114,555,669,361,93,62,244,216,1878,24.7,0.572,0.499,0.503,0.004,5,23.3,14.3,24.1,1.7,1.7,12.9,30,112,100,9.1,4,13.1,0.217,0.005583127
244,244,Kevin Garnett,PF,24,MIN,81,81,3202,704,1475,0.477,19,66,0.288,685,1409,0.486,357,467,0.764,219,702,921,401,111,145,230,204,1784,23.9,0.531,0.484,0.317,0.045,7.7,25.3,16.4,21.8,1.8,3.2,12,27,108,99,7,4.8,11.8,0.176,0.003411911
249,249,Kobe Bryant,SG,22,LAL,68,68,2783,701,1510,0.464,61,200,0.305,640,1310,0.489,475,557,0.853,104,295,399,338,114,43,220,222,1938,24.5,0.552,0.484,0.369,0.132,4.3,11.8,8.1,23,2.1,1.1,11.1,31.8,112,105,9.2,2.2,11.3,0.196,0.002171216
292,292,Michael Finley,SF,27,DAL,82,82,3443,711,1552,0.458,91,263,0.346,620,1289,0.481,252,325,0.775,109,316,425,360,118,32,190,174,1765,18.2,0.521,0.487,0.209,0.169,3.6,10,6.9,18.3,1.8,0.7,10.1,24.9,105,105,5.6,2.9,8.5,0.119,0.002171216
323,323,Paul Pierce,SF,23,BOS,82,82,3120,687,1513,0.454,147,384,0.383,540,1129,0.478,550,738,0.745,94,428,522,253,138,69,262,251,2071,22.3,0.563,0.503,0.488,0.254,3.4,16.7,9.8,16.9,2.3,1.7,12.5,30.6,107,102,6.9,3.5,10.4,0.16,0.00248139
338,338,Ray Allen,SG,25,MIL,82,82,3129,628,1309,0.48,202,467,0.433,426,842,0.506,348,392,0.888,101,327,428,374,124,20,204,192,1806,22.9,0.61,0.557,0.299,0.357,3.7,11.8,7.8,20.4,2.1,0.5,12.1,24.4,119,106,11.5,2.2,13.7,0.211,0.001550868
373,373,Shaquille O'Neal,C,28,LAL,74,74,2924,813,1422,0.572,0,2,0,813,1420,0.573,499,972,0.513,291,649,940,277,47,204,218,256,2125,30.2,0.574,0.572,0.684,0.001,11.3,24.8,18.1,18.8,0.8,4.9,10.5,31.6,114,101,11.1,3.9,14.9,0.245,0.000930521
398,398,Tim Duncan,PF,24,SAS,82,82,3174,702,1406,0.499,7,27,0.259,695,1379,0.504,409,662,0.618,259,738,997,245,70,192,242,247,1820,23.8,0.536,0.502,0.471,0.019,9.7,25.1,17.8,15.3,1.2,4.2,12.5,28.7,106,94,6.2,7.1,13.2,0.2,0.000310174
412,412,Tracy McGrady,SG,21,ORL,77,77,3087,788,1724,0.457,59,166,0.355,729,1558,0.468,430,587,0.733,192,388,580,352,116,118,198,160,2065,24.9,0.521,0.474,0.34,0.096,6.7,14.3,10.4,22.8,1.9,2.8,9.1,31.2,109,101,8.3,3.9,12.2,0.189,0.000310174
425,425,Vince Carter,SF,24,TOR,75,75,2979,762,1656,0.46,162,397,0.408,600,1259,0.477,384,502,0.765,176,240,416,291,114,82,167,205,2070,25,0.551,0.509,0.303,0.24,6.5,9.3,7.9,19.2,2,1.9,8.2,30.7,114,104,10.3,2.6,12.9,0.208,0.000310174
9,9,Allen Iverson,SG,26,PHI,60,59,2622,665,1669,0.398,78,268,0.291,587,1401,0.419,475,585,0.812,44,225,269,331,168,13,237,102,1883,21.9,0.489,0.422,0.351,0.161,1.9,9.6,5.8,27.6,3.5,0.4,11,37.8,101,100,2.6,4.3,6.9,0.126,0.291208791
35,35,Ben Wallace,C,27,DET,80,80,2921,255,480,0.531,0,3,0,255,477,0.535,99,234,0.423,318,721,1039,115,138,278,70,178,609,18.6,0.522,0.531,0.488,0.006,12.9,28.9,21,6.2,2.5,6.7,10.7,10.5,117,93,4.3,7.2,11.6,0.19,0.273809524
77,77,Chris Webber,PF,28,SAC,54,54,2071,532,1075,0.495,5,19,0.263,527,1056,0.499,253,338,0.749,150,396,546,258,90,76,158,181,1322,24.4,0.54,0.497,0.314,0.018,7.9,20.1,14.1,21.9,2.2,2.4,11.4,29,109,98,4.8,3.9,8.6,0.2,0.212454212
124,124,Dirk Nowitzki,C,23,DAL,76,76,2891,600,1258,0.477,139,350,0.397,461,908,0.508,440,516,0.853,120,635,755,186,83,77,145,222,1779,24.1,0.599,0.532,0.41,0.278,4.7,24,14.5,10.8,1.5,1.9,8.9,25.5,120,104,10.2,3.1,13.4,0.222,0.119047619
143,143,Elton Brand,PF,22,LAC,80,80,3020,532,1010,0.527,0,0,0,532,1010,0.527,389,524,0.742,396,529,925,191,80,163,173,254,1453,23.6,0.586,0.527,0.519,0,15,19.6,17.3,11,1.4,3.7,12.2,21.1,120,103,9.9,3.7,13.6,0.216,0.02991453
159,159,Gary Payton,PG,33,SEA,82,82,3301,737,1578,0.467,74,236,0.314,663,1342,0.494,267,335,0.797,80,316,396,737,131,26,209,179,1815,22.9,0.526,0.49,0.212,0.15,2.9,11.1,7.1,39.4,2.1,0.6,10.8,27.2,114,107,10.1,2.5,12.6,0.183,0.016483516
203,203,Jason Kidd,PG,28,NJN,82,82,3056,445,1138,0.391,117,364,0.321,328,774,0.424,201,247,0.814,130,465,595,808,175,20,286,136,1208,19.1,0.484,0.442,0.217,0.32,4.7,17.2,10.9,42.5,3,0.5,18.7,22.5,103,98,3.1,5.8,8.9,0.14,0.011294261
216,216,Jerry Stackhouse,SF,27,DET,76,76,2685,524,1319,0.397,86,300,0.287,438,1019,0.43,495,577,0.858,77,238,315,403,77,37,266,163,1629,19,0.518,0.43,0.437,0.227,3.4,10.4,6.9,28.4,1.5,1,14.5,32.3,102,105,3.2,2.6,5.8,0.104,0.009462759
246,246,Kevin Garnett,PF,25,MIN,81,81,3175,659,1401,0.47,37,116,0.319,622,1285,0.484,359,448,0.801,243,738,981,422,96,126,229,184,1714,23.8,0.536,0.484,0.32,0.083,9,26.5,17.8,22.4,1.6,2.9,12.5,26,111,101,7.9,4.9,12.8,0.194,0.008852259
251,251,Kobe Bryant,SG,23,LAL,80,80,3063,749,1597,0.469,33,132,0.25,716,1465,0.489,488,589,0.829,112,329,441,438,118,35,223,228,2019,23.2,0.544,0.479,0.369,0.083,4.1,11.7,7.9,25.9,2,0.8,10.7,30.4,112,103,8.9,3.8,12.7,0.199,0.007326007
2921,292,Michael Jordan,SF,38,WAS,60,53,2093,551,1324,0.416,10,53,0.189,541,1271,0.426,263,333,0.79,50,289,339,310,85,26,162,119,1375,20.7,0.468,0.42,0.252,0.04,2.7,16.2,9.4,30.8,2.2,0.9,9.9,36,99,105,1.2,2.1,3.3,0.075,0.006715507
297,297,Mike Bibby,PG,23,SAC,80,80,2659,446,985,0.453,51,138,0.37,395,847,0.466,155,193,0.803,37,185,222,403,87,15,134,133,1098,14.9,0.513,0.479,0.196,0.14,1.5,7.3,4.5,23,1.6,0.4,11.1,19.7,107,105,3.7,2.6,6.3,0.113,0.005189255
321,321,Paul Pierce,SG,24,BOS,82,82,3302,707,1598,0.442,210,520,0.404,497,1078,0.461,520,643,0.809,81,485,566,261,154,86,241,237,2144,22.3,0.57,0.508,0.402,0.325,2.6,16.5,9.4,15.7,2.4,2,11.4,29.3,109,99,7.3,5.6,12.9,0.187,0.004884005
322,322,Peja Stojakovic,SF,24,SAC,71,71,2649,547,1130,0.484,129,310,0.416,418,820,0.51,283,323,0.876,72,301,373,175,81,14,140,120,1506,19.3,0.592,0.541,0.286,0.274,3,11.9,7.5,10.6,1.5,0.4,9.9,23.2,115,104,6.8,3,9.9,0.179,0.001526252
371,371,Shaquille O'Neal,C,29,LAL,67,66,2422,712,1229,0.579,0,1,0,712,1228,0.58,398,717,0.555,235,480,715,200,41,137,171,199,1822,29.7,0.59,0.579,0.583,0.001,10.8,21.6,16.3,16.4,0.9,4.1,10,31.8,116,99,9.2,4,13.2,0.262,0.000915751
385,385,Steve Nash,PG,27,DAL,82,82,2837,525,1088,0.483,156,343,0.455,369,745,0.495,260,293,0.887,50,204,254,634,53,4,229,164,1466,20.7,0.602,0.554,0.269,0.315,2,7.9,5,36.1,1,0.1,15.8,23,118,112,9.5,0.3,9.9,0.167,0.00030525
396,396,Tim Duncan,PF,25,SAS,82,82,3329,764,1504,0.508,1,10,0.1,763,1494,0.511,560,701,0.799,268,774,1042,307,61,203,263,217,2089,27,0.576,0.508,0.466,0.007,9.6,25.9,18,18.3,1,4.3,12.7,29,114,96,10.7,7.1,17.8,0.257,0.00030525
407,407,Tracy McGrady,SG,22,ORL,76,76,2912,715,1586,0.451,103,283,0.364,612,1303,0.47,415,555,0.748,150,447,597,400,119,73,189,139,1948,25.1,0.532,0.483,0.35,0.178,5.7,17.3,11.5,25.8,2.1,1.8,9.4,31.1,111,103,8.1,3.4,11.5,0.189,0.00030525
10,10,Allen Iverson,SG,27,PHI,82,82,3485,804,1940,0.414,84,303,0.277,720,1637,0.44,570,736,0.774,68,276,344,454,225,13,286,149,2262,21.2,0.5,0.436,0.379,0.156,2.3,9.5,5.8,25.1,3.4,0.3,11.2,32.9,103,102,5,4.2,9.2,0.127,0.31092437
36,36,Ben Wallace,C,28,DET,73,73,2873,210,437,0.481,1,6,0.167,209,431,0.485,85,189,0.45,293,833,1126,120,104,230,88,179,506,17.2,0.486,0.482,0.432,0.014,11.9,34.9,23.2,6.9,2,5.9,14.5,10.2,108,90,2.7,7.9,10.6,0.176,0.281512605
79,79,Chris Webber,PF,29,SAC,67,67,2622,661,1433,0.461,5,21,0.238,656,1412,0.465,215,354,0.607,160,544,704,364,106,88,215,204,1542,20.9,0.485,0.463,0.247,0.015,6.9,21.1,14.4,24.6,2,2.2,11.9,30.4,99,96,1.7,5.3,6.9,0.127,0.160310278
120,120,Dirk Nowitzki,PF,24,DAL,80,80,3117,690,1489,0.463,148,390,0.379,542,1099,0.493,483,548,0.881,81,710,791,239,111,82,152,206,2011,25.6,0.581,0.513,0.368,0.262,2.9,25.1,14,13.3,1.8,2,8.1,27.4,117,98,10.8,5.3,16.1,0.249,0.13800905
179,179,Jamal Mashburn,SF,30,NOH,82,81,3321,670,1586,0.422,119,306,0.389,551,1280,0.43,313,369,0.848,66,432,498,462,83,17,230,196,1772,18,0.507,0.46,0.233,0.193,2.3,15.3,8.7,26.2,1.3,0.4,11.6,27.1,105,103,5.4,3.6,9,0.13,0.040723982
189,189,Jason Kidd,PG,29,NJN,80,80,2989,515,1244,0.414,126,370,0.341,389,874,0.445,339,403,0.841,110,394,504,711,179,25,296,127,1495,22.2,0.526,0.465,0.324,0.297,4.2,15.1,9.6,42.2,3.1,0.6,17.2,25.9,106,96,5.5,5.8,11.3,0.182,0.026826115
2351,235,Kevin Garnett,PF,26,MIN,82,82,3321,743,1481,0.502,20,71,0.282,723,1410,0.513,377,502,0.751,244,858,1102,495,113,129,229,199,1883,26.4,0.553,0.508,0.339,0.048,8.6,28.5,18.8,25.8,1.8,2.8,11.9,26.4,113,98,9.8,5.8,15.6,0.225,0.013897867
240,240,Kobe Bryant,SG,24,LAL,82,82,3401,868,1924,0.451,124,324,0.383,744,1600,0.465,601,713,0.843,106,458,564,481,181,67,288,218,2461,26.2,0.55,0.483,0.371,0.168,3.5,15.3,9.3,27.2,2.8,1.4,11.4,32.9,111,103,11,4,14.9,0.21,0.010665805
310,310,Paul Pierce,SG,25,BOS,79,79,3096,663,1592,0.416,118,391,0.302,545,1201,0.454,604,753,0.802,106,472,578,349,139,62,288,227,2048,22.7,0.532,0.454,0.473,0.246,3.8,17.7,10.6,24.2,2.4,1.6,13,33.2,104,100,5.3,4.8,10.1,0.157,0.010019392
365,365,Shaquille O'Neal,C,30,LAL,67,66,2535,695,1211,0.574,0,0,0,695,1211,0.574,451,725,0.622,259,483,742,206,38,159,196,229,1841,29.5,0.602,0.574,0.599,0,11.4,21.6,16.5,16.2,0.8,4.5,11.4,30.2,117,102,10.2,3,13.2,0.25,0.006140918
379,379,Steve Nash,PG,28,DAL,82,82,2711,518,1114,0.465,111,269,0.413,407,845,0.482,308,339,0.909,63,171,234,598,85,6,192,134,1455,22.6,0.576,0.515,0.304,0.241,2.6,7,4.8,36.3,1.6,0.2,13.2,24.4,118,106,9.7,1.9,11.6,0.206,0.000323206
389,389,Tim Duncan,PF,26,SAS,81,81,3181,714,1392,0.513,6,22,0.273,708,1370,0.517,450,634,0.71,259,784,1043,316,55,237,248,231,1884,26.9,0.564,0.515,0.455,0.016,9.9,27.3,19,19.5,0.9,5.2,12.9,28,112,94,9.5,6.9,16.5,0.248,0.000323206
400,400,Tracy McGrady,SG,23,ORL,75,74,2954,829,1813,0.457,173,448,0.386,656,1365,0.481,576,726,0.793,121,367,488,411,124,59,195,156,2407,30.3,0.564,0.505,0.4,0.247,4.6,14.6,9.5,30,2.2,1.5,8.4,35.2,116,104,13.2,2.9,16.1,0.262,0.000323206
16,16,Andrei Kirilenko,PF,22,UTA,78,78,2895,412,931,0.443,68,201,0.338,344,730,0.471,392,496,0.79,226,403,629,244,150,215,215,174,1284,22.6,0.559,0.479,0.533,0.216,9.5,17.5,13.5,15.7,2.9,6.3,15.8,21.9,111,97,6.5,5,11.6,0.192,0.381175735
31,31,Baron Davis,PG,24,NOH,67,66,2686,554,1402,0.395,187,582,0.321,367,820,0.448,237,352,0.673,66,221,287,501,158,27,215,178,1532,20.7,0.492,0.462,0.251,0.415,2.7,9.6,6.1,37.9,3.2,0.8,12.1,30.1,103,102,4.3,3.2,7.5,0.133,0.223889931
33,33,Ben Wallace,C,29,DET,81,81,3050,315,748,0.421,1,8,0.125,314,740,0.424,142,290,0.49,324,682,1006,138,143,246,123,162,773,17.3,0.441,0.422,0.388,0.011,12.5,25.5,19.1,7.7,2.6,6.1,12.3,15.3,98,87,1.1,9.1,10.2,0.16,0.163539712
62,62,Carmelo Anthony,SF,19,DEN,82,82,2995,624,1465,0.426,69,214,0.322,555,1251,0.444,408,525,0.777,183,315,498,227,97,41,247,225,1725,17.6,0.509,0.449,0.358,0.146,6.8,12.1,9.4,13.8,1.7,1,12.7,28.5,102,105,3.7,2.4,6.1,0.098,0.087867417
122,122,Dirk Nowitzki,C,25,DAL,77,77,2915,605,1310,0.462,99,290,0.341,506,1020,0.496,371,423,0.877,90,580,670,207,92,104,135,216,1680,22.5,0.561,0.5,0.323,0.221,3.3,22.2,12.5,11.3,1.6,2.6,8.3,24.5,116,104,9,2.5,11.5,0.19,0.066291432
190,190,Jason Kidd,PG,30,NJN,67,66,2450,368,959,0.384,94,293,0.321,274,666,0.411,206,249,0.827,85,343,428,618,122,14,214,110,1036,19.7,0.485,0.433,0.26,0.306,4.1,16.5,10.3,44.8,2.7,0.4,16.7,24.6,102,97,2.8,4.4,7.2,0.141,0.055659787
198,198,Jermaine O'Neal,PF,25,IND,78,78,2788,608,1400,0.434,2,18,0.111,606,1382,0.438,348,460,0.757,193,585,778,164,59,199,181,248,1566,21.1,0.489,0.435,0.329,0.013,8.1,25,16.5,12.3,1.2,5.5,10.1,30.2,100,93,2.7,6.3,9,0.155,0.00750469
233,233,Kevin Garnett,PF,27,MIN,82,82,3231,804,1611,0.499,11,43,0.256,793,1568,0.506,368,465,0.791,245,894,1139,409,120,178,212,202,1987,29.4,0.547,0.502,0.289,0.027,9.1,30,20.1,24.4,2,4,10.5,29.6,112,92,10.4,8,18.3,0.272,0.005315822
239,239,Kobe Bryant,SG,25,LAL,65,64,2447,516,1178,0.438,71,217,0.327,445,961,0.463,454,533,0.852,103,256,359,330,112,28,171,176,1557,23.7,0.551,0.468,0.452,0.184,4.7,12,8.3,24.4,2.4,0.8,10.8,29.1,112,102,7.8,3,10.7,0.21,0.00343965
248,248,LeBron James,SG,19,CLE,79,79,3122,622,1492,0.417,63,217,0.29,559,1275,0.438,347,460,0.754,99,333,432,465,130,58,273,149,1654,18.3,0.488,0.438,0.308,0.145,3.5,11.8,7.6,27.8,2.2,1.3,13.9,28.2,99,104,2.4,2.6,5.1,0.078,0.001250782
290,290,Michael Redd,SG,24,MIL,82,82,3021,633,1439,0.44,127,363,0.35,506,1076,0.47,383,441,0.868,118,289,407,185,81,6,116,152,1776,19.9,0.544,0.484,0.306,0.252,4.4,10.9,7.7,11.3,1.4,0.1,6.6,26.3,113,108,8.4,1.3,9.7,0.154,0.001250782
3211,321,Peja Stojakovic,SF,26,SAC,81,81,3264,665,1386,0.48,240,554,0.433,425,832,0.511,394,425,0.927,91,417,508,173,108,14,153,159,1964,21.8,0.624,0.566,0.307,0.4,3.2,14.1,8.8,9.1,1.7,0.3,8.9,23.9,120,106,11.4,2.1,13.5,0.198,0.001250782
364,364,Sam Cassell,PG,34,MIN,81,81,2838,620,1270,0.488,74,186,0.398,546,1084,0.504,289,331,0.873,44,227,271,592,102,18,220,247,1603,22.8,0.566,0.517,0.261,0.146,1.9,8.7,5.5,38,1.9,0.5,13.5,27.2,113,102,8.8,3.3,12.1,0.205,0.000625391
378,378,Shaquille O'Neal,C,31,LAL,67,67,2464,554,948,0.584,0,0,0,554,948,0.584,331,676,0.49,246,523,769,196,34,166,195,225,1439,24.4,0.578,0.584,0.713,0,11.1,24.4,17.7,14.8,0.7,5,13.5,26.3,109,98,5.9,4,9.9,0.192,0.000312695
4001,400,Tim Duncan,PF,27,SAS,69,68,2527,592,1181,0.501,2,12,0.167,590,1169,0.505,352,588,0.599,227,632,859,213,62,185,183,164,1538,27.1,0.534,0.502,0.498,0.01,10.2,27.6,19,17.4,1.3,5.3,11.3,29.7,107,89,5.9,7.2,13.1,0.249,0.000312695
435,435,Yao Ming,C,23,HOU,82,82,2692,535,1025,0.522,0,2,0,535,1023,0.523,361,446,0.809,197,538,735,122,22,156,204,273,1431,21.9,0.586,0.522,0.435,0.002,9.1,22.4,16.1,9.3,0.4,4.5,14.3,25.3,110,97,6.5,4.8,11.4,0.202,0.000312695
111,11,Allen Iverson,PG,29,PHI,75,75,3174,771,1818,0.424,104,338,0.308,667,1480,0.451,656,786,0.835,51,248,299,596,180,9,344,140,2302,23.2,0.532,0.453,0.432,0.186,1.8,8.9,5.3,37.6,2.9,0.2,13.7,35,105,105,5.3,3.7,9,0.136,0.322834646
13,13,Amar'e Stoudemire,C,22,PHO,80,80,2889,747,1336,0.559,3,16,0.188,744,1320,0.564,583,795,0.733,219,494,713,131,77,130,189,278,2080,26.6,0.617,0.56,0.595,0.012,8.5,17.4,13.2,7.7,1.3,3,10.1,28.3,121,105,11.3,3.3,14.6,0.243,0.312537856
128,128,Dirk Nowitzki,PF,26,DAL,78,78,3020,663,1445,0.459,91,228,0.399,572,1217,0.47,615,708,0.869,96,661,757,240,97,119,176,219,2032,26.1,0.578,0.49,0.49,0.158,3.6,24,14,14.3,1.7,2.9,9.1,28.7,118,100,10.3,5.2,15.6,0.248,0.105693519
136,136,Dwyane Wade,SG,23,MIA,77,77,2974,630,1318,0.478,13,45,0.289,617,1273,0.485,581,762,0.762,110,287,397,520,121,82,321,230,1854,23.1,0.561,0.483,0.578,0.034,4.5,10.8,7.8,31,2.2,2,16.3,30.9,109,103,6.7,4.3,11,0.177,0.099333737
164,164,Gilbert Arenas,PG,23,WAS,80,80,3274,656,1523,0.431,205,562,0.365,451,961,0.469,521,640,0.814,83,295,378,411,139,23,242,245,2038,21.3,0.565,0.498,0.42,0.369,2.8,10.5,6.5,22.9,2.2,0.5,11.8,27.3,115,109,9.2,2.3,11.5,0.169,0.072683222
2481,248,Kevin Garnett,PF,28,MIN,82,82,3121,683,1360,0.502,6,25,0.24,677,1335,0.507,445,549,0.811,247,861,1108,466,121,112,222,207,1817,28.2,0.567,0.504,0.404,0.018,9.5,30.2,20.3,27.1,2.1,2.6,12.2,27.1,117,99,10.1,6,16.1,0.248,0.028164749
268,268,LeBron James,SF,20,CLE,80,80,3388,795,1684,0.472,108,308,0.351,687,1376,0.499,477,636,0.75,111,477,588,577,177,52,262,146,2175,25.7,0.554,0.504,0.378,0.183,3.8,17,10.2,32.9,2.8,1.1,11.8,29.7,114,103,9.7,4.6,14.3,0.203,0.013325257
289,289,Marcus Camby,C,30,DEN,66,66,2015,279,600,0.465,0,4,0,279,596,0.468,125,173,0.723,131,530,661,152,61,199,103,177,683,18,0.505,0.465,0.288,0.007,7.5,30.1,18.9,12,1.6,7.4,13.2,17.2,103,96,1.2,4.5,5.8,0.138,0.013022411
341,341,P.J. Brown,PF,35,NOH,82,78,2817,338,758,0.446,0,0,0,338,758,0.446,210,243,0.864,266,471,737,178,74,50,101,233,886,15.5,0.512,0.446,0.321,0,10.7,20.6,15.5,11.2,1.4,1.4,10.5,15.9,112,106,4,2.9,6.9,0.118,0.012416717
3651,365,Ray Allen,SG,29,SEA,78,78,3064,640,1494,0.428,209,556,0.376,431,938,0.459,378,428,0.883,79,268,347,289,84,5,171,167,1867,20.9,0.555,0.498,0.286,0.372,3.2,10.7,6.9,18.1,1.5,0.1,9.2,28,117,112,9.7,1,10.7,0.168,0.012416717
4002,400,Shaquille O'Neal,C,32,MIA,73,73,2492,658,1095,0.601,0,0,0,658,1095,0.601,353,765,0.461,253,507,760,200,36,171,203,262,1669,27,0.583,0.601,0.699,0,12.4,22.8,17.8,15.7,0.8,5,12.4,30.5,111,100,6.4,4.6,11,0.211,0.004542701
404,404,Shawn Marion,PF,26,PHO,81,81,3146,613,1289,0.476,114,341,0.334,499,948,0.526,229,275,0.833,235,680,915,154,163,119,125,199,1569,21.7,0.556,0.52,0.213,0.265,8.4,22,15.5,7.5,2.6,2.5,8.1,21.3,116,101,7.3,5.2,12.5,0.191,0.001211387
413,413,Steve Nash,PG,30,PHO,75,75,2573,430,857,0.502,94,218,0.431,336,639,0.526,211,238,0.887,57,192,249,861,74,6,245,136,1165,22,0.606,0.557,0.278,0.254,2.5,7.6,5.2,49.2,1.4,0.2,20.3,20.5,123,111,9.7,1.2,10.9,0.203,0.00090854
422,422,Tim Duncan,PF,28,SAS,66,66,2203,517,1042,0.496,3,9,0.333,514,1033,0.498,305,455,0.67,202,530,732,179,45,174,127,144,1342,27,0.54,0.498,0.437,0.009,10.7,28.2,19.4,16.1,1.1,5.7,9.3,28.9,112,93,5.5,5.7,11.2,0.245,0.000302847
433,433,Tracy McGrady,SF,25,HOU,78,78,3182,715,1660,0.431,142,435,0.326,573,1225,0.468,431,557,0.774,71,413,484,448,135,52,201,167,2003,22.9,0.526,0.473,0.336,0.262,2.7,14.8,8.9,28.6,2.3,1.3,9.5,31.2,109,101,6.5,5.4,12,0.18,0.000302847
446,446,Vince Carter,SF,28,TOT,77,76,2828,696,1541,0.452,127,313,0.406,569,1228,0.463,367,460,0.798,106,295,401,327,109,48,168,243,1886,22.9,0.541,0.493,0.299,0.203,4.4,12.6,8.4,25.7,2.1,1.3,8.8,31.6,109,104,5.9,3.5,9.4,0.159,0.000302847
12,12,Allen Iverson,PG,30,PHI,72,72,3103,815,1822,0.447,72,223,0.323,743,1599,0.465,675,829,0.814,44,188,232,532,140,10,248,121,2377,25.9,0.543,0.467,0.455,0.122,1.7,7.1,4.4,34.9,2.3,0.2,10.2,35.8,111,110,8.8,1.8,10.6,0.165,0.284307692
82,82,Chauncey Billups,PG,29,DET,81,81,2925,423,1012,0.418,184,425,0.433,239,587,0.407,465,520,0.894,41,211,252,699,71,8,170,160,1495,23.4,0.602,0.509,0.514,0.42,1.6,8.7,5.1,39.3,1.3,0.2,12,22.9,127,107,12.7,2.8,15.5,0.254,0.211692308
134,134,Dirk Nowitzki,PF,27,DAL,81,81,3089,751,1564,0.48,110,271,0.406,641,1293,0.496,539,598,0.901,115,613,728,226,58,83,156,164,2151,28.1,0.589,0.515,0.382,0.173,4.6,23.4,14.2,14.7,1,2.1,7.9,30,123,103,13.5,4.3,17.7,0.275,0.167384615
1431,143,Dwyane Wade,SG,24,MIA,75,75,2892,699,1413,0.495,13,76,0.171,686,1337,0.513,629,803,0.783,107,323,430,503,146,58,268,217,2040,27.6,0.577,0.499,0.568,0.054,4.5,12.6,8.7,33,2.6,1.5,13.2,32.5,115,103,10.2,4.2,14.4,0.239,0.148615385
154,154,Elton Brand,PF,26,LAC,79,79,3099,756,1435,0.527,1,3,0.333,755,1432,0.527,440,568,0.775,236,554,790,208,81,201,173,227,1953,26.5,0.58,0.527,0.396,0.002,9.3,19.9,14.8,13.1,1.4,4.9,9.3,27.7,116,100,9.3,5.5,14.8,0.229,0.132307692
257,257,Kobe Bryant,SG,27,LAL,80,80,3277,978,2173,0.45,180,518,0.347,798,1655,0.482,696,819,0.85,71,354,425,360,147,30,250,233,2832,28,0.559,0.491,0.377,0.238,2.6,12.7,7.6,24.1,2.4,0.7,9,38.7,114,105,11.6,3.7,15.3,0.224,0.026769231
2681,268,LeBron James,SF,21,CLE,79,79,3361,875,1823,0.48,127,379,0.335,748,1444,0.518,601,814,0.738,75,481,556,521,123,66,260,181,2478,28.1,0.568,0.515,0.447,0.208,2.6,17.1,9.8,32.8,2,1.5,10.7,33.6,115,104,12,4.3,16.3,0.232,0.015384615
4041,404,Shawn Marion,C,27,PHO,81,81,3263,716,1365,0.525,96,290,0.331,620,1075,0.577,241,298,0.809,249,710,959,143,160,137,125,223,1769,23.6,0.591,0.56,0.218,0.212,8.7,23.6,16.3,6.8,2.5,2.9,7.7,22.3,118,100,8.6,5.9,14.6,0.214,0.010153846
414,414,Steve Nash,PG,31,PHO,79,79,2796,541,1056,0.512,150,342,0.439,391,714,0.548,257,279,0.921,47,286,333,826,61,12,276,120,1489,23.3,0.632,0.583,0.264,0.324,1.9,11.1,6.6,44.4,1.1,0.3,19,23.3,121,109,10.3,2.1,12.4,0.212,0.002769231
421,421,Tim Duncan,PF,29,SAS,80,80,2784,574,1185,0.484,2,5,0.4,572,1180,0.485,335,533,0.629,231,650,881,253,70,162,198,219,1485,23.1,0.523,0.485,0.45,0.004,10.1,26.9,18.7,16.5,1.4,4.2,12.2,27.7,106,94,3.9,6.9,10.8,0.187,0.000307692
427,427,Tony Parker,PG,23,SAS,80,80,2715,623,1136,0.548,11,36,0.306,612,1100,0.556,253,358,0.707,38,223,261,460,83,4,249,161,1510,20.8,0.584,0.553,0.315,0.032,1.7,9.5,5.7,32.2,1.7,0.1,16.1,27.1,110,102,5.5,4.1,9.6,0.169,0.000307692
15,15,Amar'e Stoudemire,C,24,PHO,82,78,2689,607,1055,0.575,0,3,0,607,1052,0.577,457,585,0.781,222,564,786,84,78,110,232,295,1671,23.1,0.637,0.575,0.555,0.003,10.1,23.3,17,5,1.5,2.9,15,25.8,116,103,7.2,4,11.2,0.201,0.339296363
40,40,Baron Davis,PG,27,GSW,63,62,2221,452,1030,0.439,85,280,0.304,367,750,0.489,275,369,0.745,51,225,276,509,135,29,193,181,1264,21,0.53,0.48,0.358,0.272,2.5,11.3,6.8,36.9,2.9,1,13.9,26.5,109,106,4.1,2.3,6.4,0.139,0.30202743
66,66,Carlos Boozer,PF,25,UTA,74,74,2557,647,1154,0.561,0,0,0,647,1154,0.561,255,372,0.685,235,632,867,221,70,21,194,217,1549,24.1,0.588,0.561,0.322,0,11.2,29.9,20.6,16.6,1.4,0.7,12.8,26.5,114,104,6.5,3.4,9.9,0.185,0.155336911
68,68,Carmelo Anthony,SF,22,DEN,65,65,2486,691,1453,0.476,40,149,0.268,651,1304,0.499,459,568,0.808,143,248,391,249,77,23,234,203,1881,22.1,0.552,0.489,0.391,0.103,6.6,11.1,8.9,19.2,1.5,0.7,12.1,33.4,109,108,5.2,2.1,7.3,0.14,0.085271318
75,75,Chauncey Billups,PG,30,DET,70,70,2533,348,815,0.427,109,316,0.345,239,499,0.479,386,437,0.883,23,214,237,502,84,17,140,161,1191,21.3,0.591,0.494,0.536,0.388,1.1,10,5.6,32.9,1.8,0.5,12.2,21.5,123,106,8.7,2.7,11.4,0.216,0.054561717
76,76,Chris Bosh,C,22,TOR,69,69,2658,543,1094,0.496,12,35,0.343,531,1059,0.501,463,590,0.785,186,555,741,175,39,90,179,163,1561,22.6,0.577,0.502,0.539,0.032,8.1,24.8,16.4,11.7,0.8,2.6,11.7,26.7,112,104,6.1,3.5,9.6,0.174,0.032796661
129,129,Dirk Nowitzki,PF,28,DAL,78,78,2820,673,1341,0.502,72,173,0.416,601,1168,0.515,498,551,0.904,122,571,693,263,52,62,167,171,1916,27.6,0.605,0.529,0.411,0.129,5.3,23.9,14.8,17.8,1,1.7,9.5,28.9,123,102,11.8,4.5,16.3,0.278,0.012820513
137,137,Dwyane Wade,SG,25,MIA,51,50,1931,472,962,0.491,21,79,0.266,451,883,0.511,432,535,0.807,51,188,239,384,107,62,216,117,1397,28.9,0.583,0.502,0.556,0.082,3.2,11.2,7.3,40.5,3,2.5,15.3,34.7,112,103,5.9,2.9,8.8,0.219,0.009242695
162,162,Gilbert Arenas,PG,25,WAS,74,73,2942,647,1548,0.418,205,584,0.351,442,964,0.459,606,718,0.844,61,277,338,443,139,13,236,249,2105,24,0.565,0.484,0.464,0.377,2.3,11.1,6.6,27.2,2.4,0.3,11.2,31.4,115,111,9.3,1.5,10.8,0.177,0.00208706
242,242,Kevin Garnett,PF,30,MIN,76,76,2995,638,1341,0.476,12,56,0.214,626,1285,0.487,416,498,0.835,183,792,975,313,89,126,205,184,1704,24.1,0.546,0.48,0.371,0.042,7.5,30.8,19.5,19.5,1.6,3.2,11.6,27.4,110,101,5.7,4.9,10.7,0.171,0.00208706
250,250,Kobe Bryant,SG,28,LAL,77,77,3140,813,1757,0.463,137,398,0.344,676,1359,0.497,667,768,0.868,75,364,439,413,111,36,255,205,2430,26.1,0.58,0.502,0.437,0.227,2.8,13.5,8.2,25.5,1.8,0.9,10.9,33.6,115,109,10.8,2.2,13,0.199,0.001192606
261,261,LeBron James,SF,22,CLE,78,78,3190,772,1621,0.476,99,310,0.319,673,1311,0.513,489,701,0.698,83,443,526,470,125,55,250,171,2132,24.5,0.552,0.507,0.432,0.191,3,16.6,9.6,29.1,2.1,1.3,11.5,31,112,100,8,5.7,13.7,0.206,0.000894454
3981,398,Shaquille O'Neal,C,34,MIA,40,39,1135,283,479,0.591,0,0,0,283,479,0.591,124,294,0.422,97,200,297,79,8,55,95,139,690,21.7,0.567,0.591,0.614,0,10.3,20.3,15.4,14.3,0.4,3.8,13.5,29.4,105,104,1.4,1.5,2.8,0.119,0.000596303
4141,414,Steve Nash,PG,32,PHO,76,76,2682,517,971,0.532,156,343,0.455,361,628,0.575,222,247,0.899,30,239,269,884,57,6,287,117,1412,23.8,0.654,0.613,0.254,0.353,1.4,9.9,5.8,50.1,1.1,0.2,21,22.9,124,110,10.8,1.7,12.6,0.225,0.000894454
424,424,Tim Duncan,C,30,SAS,80,80,2726,618,1131,0.546,1,9,0.111,617,1122,0.55,362,568,0.637,213,633,846,273,66,190,224,203,1599,26.1,0.579,0.547,0.502,0.008,9.8,27,18.8,18.8,1.3,5.1,14,27.9,111,94,6.3,6.8,13,0.23,0.000298151
428,428,Tony Parker,PG,24,SAS,77,77,2499,570,1096,0.52,15,38,0.395,555,1058,0.525,274,350,0.783,34,216,250,420,82,6,191,137,1429,21.4,0.572,0.527,0.319,0.035,1.7,10,6,31.7,1.8,0.2,13.3,27.4,112,102,5.8,3.9,9.6,0.185,0.000298151
429,429,Tracy McGrady,SG,27,HOU,71,71,2539,638,1480,0.431,126,381,0.331,512,1099,0.466,345,488,0.707,56,322,378,458,92,36,213,136,1747,23.2,0.515,0.474,0.33,0.257,2.6,14.5,8.6,37.5,1.9,1.1,11.2,35,106,100,4.1,4.5,8.6,0.163,0.000298151
151,15,Amar'e Stoudemire,C,25,PHO,79,79,2677,714,1211,0.59,5,31,0.161,709,1180,0.601,556,691,0.805,178,541,719,118,64,163,174,294,1989,27.6,0.656,0.592,0.571,0.026,8.2,21.1,15.2,7.5,1.2,4,10.3,28.2,124,104,10.9,3.8,14.6,0.262,0.337301587
311,31,Antawn Jamison,PF,31,WAS,79,79,3061,618,1417,0.436,120,354,0.339,498,1063,0.468,333,438,0.76,215,591,806,120,106,34,113,195,1689,20.3,0.525,0.478,0.309,0.25,8,23.3,15.4,7.2,1.9,0.9,6.6,25.9,112,107,6,3.2,9.2,0.144,0.271367521
72,72,Carlos Boozer,PF,26,UTA,81,81,2827,709,1297,0.547,0,1,0,709,1296,0.547,290,393,0.738,197,647,844,233,100,41,210,293,1708,21.9,0.581,0.547,0.303,0.001,8.6,27.7,18.2,14.2,1.8,1.2,12.5,26.6,112,103,5.9,4.3,10.2,0.173,0.204517705
74,74,Carmelo Anthony,SF,23,DEN,77,77,2806,728,1481,0.492,58,164,0.354,670,1317,0.509,464,590,0.786,178,393,571,259,98,39,253,253,1978,21.1,0.568,0.511,0.398,0.111,7,14.9,11,16.1,1.7,1,12.7,30.2,109,107,5.2,3,8.2,0.14,0.133699634
88,88,Chris Paul,PG,22,NOH,80,80,3006,630,1291,0.488,92,249,0.369,538,1042,0.516,332,390,0.851,62,259,321,925,217,4,201,185,1684,28.3,0.576,0.524,0.302,0.193,2.4,10.3,6.2,52.2,3.9,0.1,12.1,25.7,125,103,13.2,4.6,17.8,0.284,0.018315018
125,125,Deron Williams,PG,23,UTA,82,82,3059,566,1117,0.507,83,210,0.395,483,907,0.533,330,411,0.803,34,209,243,862,90,23,279,200,1545,20.8,0.595,0.544,0.368,0.188,1.4,8.3,4.9,43.6,1.5,0.6,17.7,23.1,118,110,8.9,2.3,11.3,0.177,0.008241758
1341,134,Dirk Nowitzki,PF,29,DAL,77,77,2769,630,1314,0.479,79,220,0.359,551,1094,0.504,478,544,0.879,95,564,659,266,51,71,160,198,1817,24.6,0.585,0.51,0.414,0.167,4.1,22.8,13.8,17.8,1,1.9,9.3,28.8,118,104,8.9,4,12.9,0.223,0.007631258
140,140,Dwight Howard,C,22,ORL,82,82,3088,583,974,0.599,0,4,0,583,970,0.601,529,897,0.59,279,882,1161,110,74,176,263,274,1695,22.9,0.619,0.599,0.921,0.004,10.9,31.6,21.7,6.1,1.2,4.2,16.1,24.2,113,99,6.4,6.4,12.9,0.2,0.005799756
245,245,Kevin Garnett,PF,31,BOS,71,71,2328,534,990,0.539,0,11,0,534,979,0.545,269,336,0.801,135,520,655,244,100,89,138,163,1337,25.3,0.588,0.539,0.339,0.011,7.3,25.1,16.8,19.9,2.3,3.1,10.8,25.5,118,94,6.6,6.2,12.9,0.265,0.005494505
2511,251,Kobe Bryant,SG,29,LAL,82,82,3192,775,1690,0.459,150,415,0.361,625,1275,0.49,623,742,0.84,94,423,517,441,151,40,257,227,2323,24.2,0.576,0.503,0.439,0.246,3.4,14.1,9,23.9,2.4,0.9,11.3,31.4,115,105,9.5,4.3,13.8,0.208,0.002747253
264,264,LeBron James,SF,23,CLE,75,74,3027,794,1642,0.484,113,359,0.315,681,1283,0.531,549,771,0.712,133,459,592,539,138,81,255,165,2250,29.1,0.568,0.518,0.47,0.219,4.9,17.8,11.1,37.3,2.4,2.1,11.4,33.5,116,104,10.7,4.6,15.2,0.242,0.001526252
282,282,Manu Ginobili,SG,30,SAS,74,23,2299,453,984,0.46,156,389,0.401,297,595,0.499,380,442,0.86,63,291,354,332,109,33,200,173,1442,24.3,0.612,0.54,0.449,0.395,3.3,14.7,9.1,26.4,2.6,1.1,14.5,28.7,116,100,6.6,4.5,11.1,0.232,0.001221001
3411,341,Paul Pierce,SF,30,BOS,80,80,2874,509,1098,0.464,143,365,0.392,366,733,0.499,409,485,0.843,53,358,411,363,101,36,221,200,1570,19.6,0.599,0.529,0.442,0.332,2.3,14,8.5,21.8,1.9,1,14.4,24.8,115,100,6.7,5.7,12.4,0.207,0.000915751
356,356,Rasheed Wallace,C,33,DET,77,76,2346,376,870,0.432,112,315,0.356,264,555,0.476,115,150,0.767,84,427,511,137,91,129,86,213,979,17.2,0.523,0.497,0.172,0.362,4.3,21.8,13,9.7,2.1,4.3,8.4,20.5,108,98,2.5,5.1,7.6,0.155,0.00030525
410,410,Steve Nash,PG,33,PHO,81,81,2780,485,962,0.504,179,381,0.47,306,581,0.527,222,245,0.906,28,254,282,898,53,5,295,113,1371,21.1,0.641,0.597,0.255,0.396,1.2,9.6,5.7,47.3,0.9,0.1,21.6,22,121,112,9,1.4,10.5,0.181,0.00030525
4221,422,Tim Duncan,C,31,SAS,78,78,2651,585,1178,0.497,0,4,0,585,1174,0.498,338,463,0.73,237,644,881,218,56,152,178,185,1508,24.4,0.546,0.497,0.393,0.003,10.7,28.3,19.6,15.7,1.1,4.3,11.4,28.2,110,97,4.9,6.2,11.1,0.201,0.00030525
426,426,Tracy McGrady,SG,28,HOU,66,62,2440,548,1307,0.419,86,295,0.292,462,1012,0.457,245,358,0.684,42,297,339,387,68,30,160,91,1427,18.4,0.487,0.452,0.274,0.226,2,13.5,7.8,29.6,1.5,0.9,9.8,30.4,104,103,2,3.8,5.8,0.115,0.00030525
53,53,Brandon Roy,SG,24,POR,78,78,2903,633,1318,0.48,83,220,0.377,550,1098,0.501,416,505,0.824,104,266,370,400,88,22,152,127,1765,24,0.573,0.512,0.383,0.167,4.4,11.6,7.9,25.4,1.7,0.6,9,27.4,123,109,10.9,2.6,13.5,0.223,0.372536554
761,76,Chauncey Billups,PG,32,TOT,79,79,2789,410,980,0.418,162,397,0.408,248,583,0.425,418,458,0.913,32,207,239,506,93,18,177,161,1400,18.8,0.592,0.501,0.467,0.405,1.4,8.4,5,28.9,1.7,0.5,13,21.7,121,110,7.9,2.2,10.1,0.174,0.22186904
84,84,Chris Paul,PG,23,NOH,78,78,3002,631,1255,0.503,64,176,0.364,567,1079,0.525,455,524,0.868,69,363,432,861,216,10,231,212,1781,30,0.599,0.528,0.418,0.14,2.8,14.6,8.7,54.5,3.9,0.3,13.5,27.5,124,103,13.3,5,18.3,0.292,0.216147489
1291,129,Dirk Nowitzki,PF,30,DAL,81,81,3050,774,1616,0.479,61,170,0.359,713,1446,0.493,485,545,0.89,88,593,681,197,61,63,157,176,2094,23.1,0.564,0.498,0.337,0.105,3.3,22.1,12.8,12.1,1,1.5,7.8,30.3,114,108,7.5,3.4,10.9,0.171,0.104259377
1371,137,Dwight Howard,C,23,ORL,79,79,2821,560,979,0.572,0,2,0,560,977,0.573,504,849,0.594,336,757,1093,112,77,231,240,270,1624,25.4,0.6,0.572,0.867,0.002,13.8,29.5,21.8,7.3,1.4,5.9,15.1,26.1,113,95,6.2,7.6,13.8,0.234,0.061029879
138,138,Dwyane Wade,SG,27,MIA,79,79,3048,854,1739,0.491,88,278,0.317,766,1461,0.524,590,771,0.765,89,309,398,589,173,106,272,178,2386,30.4,0.574,0.516,0.443,0.16,3.5,12.2,7.8,40.3,3,2.8,11.6,36.2,115,105,10.3,4.4,14.7,0.232,0.01048951
243,243,Kobe Bryant,SG,30,LAL,82,82,2960,800,1712,0.467,118,336,0.351,682,1376,0.496,483,564,0.856,90,339,429,399,120,37,210,189,2201,24.4,0.561,0.502,0.329,0.196,3.5,12.8,8.2,23.8,2.1,1,9.7,32.2,115,106,8.6,4,12.7,0.206,0.006675143
256,256,LeBron James,SF,24,CLE,81,81,3054,789,1613,0.489,132,384,0.344,657,1229,0.535,594,762,0.78,106,507,613,587,137,93,241,139,2304,31.7,0.591,0.53,0.472,0.238,4.3,19,11.9,38,2.4,2.4,11,33.8,122,99,13.7,6.5,20.3,0.318,0.002860776
332,332,Paul Pierce,SF,31,BOS,81,81,3035,540,1181,0.457,119,304,0.391,421,877,0.48,459,553,0.83,56,401,457,294,80,27,228,215,1658,17.7,0.582,0.508,0.468,0.257,2.4,15.4,9.2,16.3,1.4,0.7,13.8,25.4,112,104,5.5,4.8,10.3,0.164,0.002225048
4131,413,Tim Duncan,C,32,SAS,75,75,2524,558,1107,0.504,0,2,0,558,1105,0.505,334,483,0.692,201,599,800,264,38,126,165,173,1450,24.4,0.549,0.504,0.436,0.002,9.6,27.9,18.9,19.3,0.8,3.7,11.1,28.5,111,100,5,5,10.1,0.191,0.000635728
417,417,Tony Parker,PG,26,SAS,72,71,2456,639,1263,0.506,19,65,0.292,620,1198,0.518,284,363,0.782,27,196,223,496,67,4,186,110,1581,23.4,0.556,0.513,0.287,0.051,1.3,9.4,5.4,40.1,1.5,0.1,11.6,31.7,112,107,5.6,3,8.6,0.168,0.000953592
440,440,Yao Ming,C,28,HOU,77,77,2589,566,1032,0.548,1,1,1,565,1031,0.548,381,440,0.866,204,557,761,137,30,150,234,257,1514,22.7,0.618,0.549,0.426,0.001,9.6,24.1,17.1,10,0.6,4.2,16,26.2,114,101,5.6,5,10.6,0.196,0.000317864
14,14,Amar'e Stoudemire,PF,27,PHO,82,82,2838,704,1264,0.557,1,6,0.167,703,1258,0.559,487,632,0.771,230,502,732,82,52,83,213,281,1896,22.6,0.615,0.557,0.5,0.005,9.7,18.9,14.5,4.8,0.9,2.1,12.1,27.3,117,109,8.2,2.5,10.7,0.181,0.376797999
64,64,Carmelo Anthony,SF,25,DEN,69,69,2634,688,1502,0.458,59,187,0.316,629,1315,0.478,508,612,0.83,152,302,454,222,88,30,209,225,1943,22.2,0.548,0.478,0.407,0.125,6.7,13.1,9.9,15.9,1.7,0.9,10.6,33.4,110,109,5.6,2.4,7.9,0.145,0.19043152
721,72,Chauncey Billups,PG,33,DEN,73,73,2490,402,962,0.418,157,407,0.386,245,555,0.441,466,512,0.91,25,203,228,409,82,9,177,153,1427,20.2,0.601,0.499,0.532,0.423,1.2,9.3,5.3,26.1,1.7,0.3,13,24.3,120,110,7.7,1.7,9.5,0.182,0.187304565
741,74,Chris Bosh,C,25,TOR,70,70,2526,600,1158,0.518,8,22,0.364,592,1136,0.521,470,590,0.797,205,554,759,166,43,68,169,170,1678,25,0.592,0.522,0.509,0.019,9.9,25.2,17.7,11.5,0.9,2.1,10.7,28.7,117,111,7.9,1.7,9.6,0.182,0.149468418
116,116,Deron Williams,PG,25,UTA,76,76,2802,494,1053,0.469,96,259,0.371,398,794,0.501,335,418,0.801,50,253,303,798,96,16,252,208,1419,20.6,0.574,0.515,0.397,0.246,2.2,10.4,6.4,44.5,1.8,0.5,16.9,23.8,116,107,7.4,3,10.3,0.177,0.037210757
126,126,Dirk Nowitzki,PF,31,DAL,81,80,3039,720,1496,0.481,51,121,0.421,669,1375,0.487,536,586,0.915,80,540,620,218,70,79,149,208,2027,22.9,0.578,0.498,0.392,0.081,3.1,20.1,11.7,13,1.2,2,7.8,28.8,116,105,8.4,3.9,12.3,0.194,0.020325203
132,132,Dwight Howard,C,24,ORL,82,82,2843,510,834,0.612,0,7,0,510,827,0.617,483,816,0.592,284,798,1082,144,75,228,274,287,1503,24,0.63,0.612,0.978,0.008,12,31.3,22,8.7,1.4,6,18.7,23.9,113,95,6.1,7.1,13.2,0.223,0.017198249
133,133,Dwyane Wade,SG,28,MIA,77,77,2792,719,1511,0.476,73,243,0.3,646,1268,0.509,534,702,0.761,107,266,373,501,142,82,252,181,2045,28,0.562,0.5,0.465,0.161,4.5,11.1,7.8,36.4,2.7,2.4,12.2,34.9,113,103,8.5,4.6,13,0.224,0.015322076
211,211,Joe Johnson,SG,28,ATL,76,76,2886,635,1386,0.458,129,350,0.369,506,1036,0.488,220,269,0.818,74,279,353,369,82,5,145,145,1619,19.3,0.538,0.505,0.194,0.253,3,11.4,7.1,22,1.5,0.1,8.8,26.3,112,109,6,2.4,8.4,0.14,0.002188868
241,241,Kevin Durant,SF,21,OKC,82,82,3239,794,1668,0.476,128,351,0.365,666,1317,0.506,756,840,0.9,105,518,623,231,112,84,271,171,2472,26.2,0.607,0.514,0.504,0.21,3.8,17.9,11,13.5,1.8,1.9,11.7,32,118,104,11.1,5,16.1,0.238,0.001563477
2482,248,Kobe Bryant,SG,31,LAL,73,73,2835,716,1569,0.456,99,301,0.329,617,1268,0.487,439,541,0.811,78,313,391,365,113,20,233,187,1970,21.9,0.545,0.488,0.345,0.192,3.1,12.2,7.7,23.8,2.1,0.5,11.4,32.3,109,104,5.4,4,9.4,0.16,0.000938086
2611,261,LeBron James,SF,25,CLE,76,76,2966,768,1528,0.503,129,387,0.333,639,1141,0.56,593,773,0.767,71,483,554,651,125,77,261,119,2258,31.1,0.604,0.545,0.506,0.253,3,18.5,11.1,41.8,2.2,2,12.3,33.5,121,102,13.3,5.2,18.5,0.299,0.000312695
275,275,Manu Ginobili,SG,32,SAS,75,21,2150,398,903,0.441,132,350,0.377,266,553,0.481,309,355,0.87,68,216,284,370,103,24,154,154,1237,22.5,0.584,0.514,0.393,0.388,3.8,11.6,7.7,28.2,2.5,0.8,12.7,25.8,118,104,6.5,3.2,9.7,0.216,0.000312695
397,397,Stephen Jackson,SG,31,TOT,81,81,3129,600,1418,0.423,129,393,0.328,471,1025,0.46,338,434,0.779,78,323,401,300,132,43,259,197,1667,15.6,0.518,0.469,0.306,0.277,3,12.2,7.7,17.7,2.2,1.1,13.9,27.5,100,104,0.5,4.6,5,0.077,0.000312695
399,399,Steve Nash,PG,35,PHO,81,81,2660,499,985,0.507,124,291,0.426,375,694,0.54,211,225,0.938,34,234,268,892,42,12,295,108,1333,21.6,0.615,0.57,0.228,0.295,1.5,9.4,5.7,50.9,0.8,0.3,21.4,22.9,121,114,9.1,0.8,9.9,0.178,0.000312695
121,12,Amar'e Stoudemire,C,28,NYK,78,78,2870,744,1482,0.502,10,23,0.435,734,1459,0.503,473,597,0.792,198,438,636,202,71,150,250,274,1971,22.7,0.565,0.505,0.403,0.016,7.8,17.6,12.7,13.2,1.2,3.8,12.5,30.9,109,108,5.4,2.6,8,0.134,0.375715194
44,44,Blake Griffin,PF,21,LAC,82,82,3112,696,1376,0.506,7,24,0.292,689,1352,0.51,446,695,0.642,270,719,989,312,63,45,223,252,1845,21.9,0.549,0.508,0.505,0.017,10.2,26.9,18.6,18.7,1,1.1,11.7,27.3,111,107,6.5,3.4,9.8,0.152,0.204386523
80,80,Chris Paul,PG,25,NOH,80,80,2880,430,928,0.463,71,183,0.388,359,745,0.482,337,384,0.878,38,289,327,782,188,5,177,196,1268,23.7,0.578,0.502,0.414,0.197,1.6,12.3,6.9,45.8,3.5,0.1,13.9,21.1,122,103,9.5,4.4,13.9,0.232,0.165924984
123,123,Derrick Rose,PG,22,CHI,81,81,3026,711,1597,0.445,128,385,0.332,583,1212,0.481,476,555,0.858,81,249,330,623,85,51,278,136,2026,23.5,0.55,0.485,0.348,0.241,3.2,9.4,6.4,38.7,1.5,1.3,13.1,32.2,113,103,8.3,4.8,13.1,0.208,0.136045772
130,130,Dirk Nowitzki,PF,32,DAL,73,73,2504,610,1179,0.517,66,168,0.393,544,1011,0.538,395,443,0.892,50,463,513,190,38,47,137,172,1681,23.4,0.612,0.545,0.376,0.142,2.4,20.8,12,14.2,0.8,1.4,9.1,28.2,118,105,7.8,3.3,11.1,0.213,0.060394151
1361,136,Dwight Howard,C,25,ORL,78,78,2935,619,1044,0.593,0,7,0,619,1037,0.597,546,916,0.596,309,789,1098,107,107,186,279,258,1784,26.1,0.616,0.593,0.877,0.007,12.6,30.6,21.8,6.8,1.9,4.9,16.2,27.2,113,94,6.7,7.7,14.4,0.235,0.035918627
1372,137,Dwyane Wade,SG,29,MIA,76,76,2823,692,1384,0.5,63,206,0.306,629,1178,0.534,494,652,0.758,123,362,485,346,111,87,237,197,1941,25.6,0.581,0.523,0.471,0.149,5.5,14.4,10.2,23.5,2.1,2.4,12.4,31.6,114,102,8.1,4.7,12.8,0.218,0.007628735
252,252,Kevin Durant,SF,22,OKC,78,78,3038,711,1538,0.462,145,414,0.35,566,1124,0.504,594,675,0.88,57,476,533,214,88,76,218,159,2161,23.6,0.589,0.509,0.439,0.269,2.3,17.7,10.3,13.2,1.5,1.8,10.6,30.6,115,107,8.6,3.3,12,0.189,0.006357279
259,259,Kobe Bryant,SG,32,LAL,82,82,2779,740,1639,0.451,115,356,0.323,625,1283,0.487,483,583,0.828,83,336,419,388,99,12,243,172,2078,23.9,0.548,0.487,0.356,0.217,3.5,13.3,8.5,26.7,1.9,0.3,11.4,35.1,111,105,6.8,3.5,10.3,0.178,0.002860776
276,276,LeBron James,SF,26,MIA,79,79,3063,758,1485,0.51,92,279,0.33,666,1206,0.552,503,663,0.759,80,510,590,554,124,50,284,163,2111,27.3,0.594,0.541,0.446,0.188,3.3,18.7,11.4,34.9,2.1,1.3,13.8,31.5,116,102,10.3,5.3,15.6,0.244,0.00158932
2922,292,Manu Ginobili,SG,33,SAS,80,79,2426,441,1018,0.433,154,441,0.349,287,577,0.497,357,410,0.871,42,253,295,393,123,28,174,163,1393,21.7,0.581,0.509,0.403,0.433,2.1,11.8,7.1,26.4,2.6,0.8,12.7,26,116,105,6.6,3.2,9.9,0.195,0.00158932
353,353,Rajon Rondo,PG,24,BOS,68,68,2527,318,670,0.475,10,43,0.233,308,627,0.491,75,132,0.568,87,210,297,760,153,11,234,120,721,17.1,0.495,0.482,0.197,0.064,4.5,9.7,7.2,47.1,3.2,0.3,24.3,18.3,104,100,1.8,4.8,6.6,0.126,0.000953592
423,423,Tony Parker,PG,28,SAS,78,78,2528,555,1069,0.519,25,70,0.357,530,999,0.531,233,303,0.769,30,208,238,513,90,3,200,135,1368,20.4,0.569,0.531,0.283,0.065,1.4,9.3,5.5,35.2,1.9,0.1,14.3,25.5,113,108,5.8,2.4,8.2,0.156,0.000635728